,source,target,weight
0,0,0,0.0033057010629100373
1,0,1,0.008382878293503915
2,0,2,0.013679447641711813
3,0,3,0.0050022028931971975
4,0,5,0.010156646744013443
5,0,6,0.012223406255876652
6,0,7,0.037277054539198336
7,0,8,0.02994908655286008
8,0,9,0.015759811191787366
9,0,10,0.0052560646900269535
10,0,11,0.008342959825439616
11,0,12,0.018335109383814968
12,0,13,0.004735193414438708
13,0,16,0.0034353363987104342
14,0,19,0.0019796853823077147
15,0,22,0.008760107816711594
16,0,23,0.03832547169811326
17,0,24,0.012604471678721715
18,0,25,0.0033161291419728485
19,0,26,0.0135421956586846
20,0,27,0.0045507053593307105
21,0,53,0.001668591965087923
22,0,57,0.001935935429107533
23,0,63,0.1001155179052755
24,0,64,0.06270392963540927
25,0,65,0.05939056146923125
26,0,66,0.11680143755615464
27,0,67,0.055480682839173484
28,0,68,0.05982512655315232
29,0,69,0.02961163205649
30,0,70,0.060939880464080665
31,0,71,0.02461517898910704
32,0,72,0.047069236030092186
33,0,73,0.08760107816711593
34,0,74,0.051471819940000434
35,0,75,0.11680143755615464
36,0,76,0.13246992308198027
37,0,77,0.11680143755615464
38,0,78,0.06601820383608734
39,0,79,0.08760107816711593
40,0,80,0.07645185003675578
41,0,81,0.0730008984725966
42,0,82,0.046720575022461824
43,0,83,0.0475857708562112
44,0,84,0.07912355447352411
45,0,85,0.10874616600055773
46,0,86,0.1332523442542046
47,0,87,0.18867924528301844
48,0,88,0.07491402546705096
49,0,89,0.0989044430919052
50,0,90,0.09062180500046484
51,0,91,0.1107450667199096
52,0,92,0.060939880464080665
53,1,0,0.00016765756587007848
54,1,1,0.00042516033450306967
55,1,2,0.0006937901674743786
56,1,3,0.00025370024243009665
57,1,5,0.0005151217965863288
58,1,6,0.0006199430924033124
59,1,7,0.0018906065938540688
60,1,8,0.0015189488873699414
61,1,9,0.0007993014288657718
62,1,10,0.00026657552973342413
63,1,11,0.0004231357614816265
64,1,12,0.0009299146386049696
65,1,13,0.00024015813489497724
66,1,16,0.0001742323723747874
67,1,19,0.00010040509594479268
68,1,22,0.0004442925495557087
69,1,23,0.001943779904306223
70,1,24,0.0006392698554758384
71,1,25,0.00016818645409048873
72,1,26,0.0006868290621151037
73,1,27,0.00023080132444452402
74,1,53,8.462715229632529e-05
75,1,57,9.818619879684152e-05
76,1,63,0.005077629137779514
77,1,64,0.00318019930208296
78,1,65,0.0030121528783437768
79,1,66,0.0059239006607427645
80,1,67,0.002813852813852825
81,1,68,0.003034193021356048
82,1,69,0.0015018339703291538
83,1,70,0.003090730779517961
84,1,71,0.0012484253458590136
85,1,72,0.0023872435498515704
86,1,73,0.004442925495557087
87,1,74,0.002610532494564617
88,1,75,0.0059239006607427645
89,1,76,0.006718570261574123
90,1,77,0.0059239006607427645
91,1,78,0.0033482916778111386
92,1,79,0.004442925495557087
93,1,80,0.0038774622506680023
94,1,81,0.003702437912964239
95,1,82,0.002369560264297109
96,1,83,0.002413441009932236
97,1,84,0.004012964963728967
98,1,85,0.005515355787588089
99,1,86,0.006758252866481188
100,1,87,0.009569377990430634
101,1,88,0.00379946732033847
102,1,89,0.005016206204661215
103,1,90,0.00459612982299009
104,1,91,0.0056167354412968535
105,1,92,0.003090730779517961
106,2,0,0.005577005577005577
107,2,1,0.014142645721593104
108,2,2,0.02307841947481592
109,2,3,0.008439151908102654
110,2,5,0.0171351475699302
111,2,6,0.020621950854509102
112,2,7,0.06288963735772256
113,2,8,0.05052671719338383
114,2,9,0.02658817395659511
115,2,10,0.008867438867438867
116,2,11,0.014075299789585518
117,2,12,0.030932926281763477
118,2,13,0.007988683664359347
119,2,16,0.0057957116780646255
120,2,19,0.003339901644986403
121,2,22,0.014779064779064797
122,2,23,0.06465840840840853
123,2,24,0.02126484140872633
124,2,25,0.005594598654535564
125,2,26,0.022846863426573664
126,2,27,0.007677436248864819
127,2,53,0.002815059957917111
128,2,57,0.0032660916638817287
129,2,63,0.16890359747502612
130,2,64,0.10578698999751636
131,2,65,0.10019704934959173
132,2,66,0.19705419705419705
133,2,67,0.09360074360074368
134,2,68,0.10093019849117428
135,2,69,0.049957402070078136
136,2,70,0.1028108854195812
137,2,71,0.04152795061885976
138,2,72,0.07940990030542278
139,2,73,0.14779064779064796
140,2,74,0.08683744276964629
141,2,75,0.19705419705419705
142,2,76,0.22348829665902836
143,2,77,0.19705419705419705
144,2,78,0.1113784592045462
145,2,79,0.14779064779064796
146,2,80,0.128980928980929
147,2,81,0.12315887315887325
148,2,82,0.07882167882167881
149,2,83,0.08028133954059892
150,2,84,0.1334883270367143
151,2,85,0.1834642524297698
152,2,86,0.22480830931535248
153,2,87,0.31831831831831786
154,2,88,0.12638648500717473
155,2,89,0.1668604087958928
156,2,90,0.15288687702480822
157,2,91,0.18683657202175655
158,2,92,0.1028108854195812
159,3,0,3.751652169897897e-05
160,3,1,9.513759091128638e-05
161,3,2,0.00015524854925283202
162,3,3,5.6770182727934055e-05
163,3,5,0.00011526815362584851
164,3,6,0.00013872388256134098
165,3,7,0.00042305864894593337
166,3,8,0.0003398932735121173
167,3,9,0.00017885867091321856
168,3,10,5.9651269501376675e-05
169,3,11,9.468455476408992e-05
170,3,12,0.0002080858238420113
171,3,13,5.373988243367254e-05
172,3,16,3.898775784403708e-05
173,3,19,2.2467521469445018e-05
174,3,22,9.941878250229445e-05
175,3,23,0.00043495717344753723
176,3,24,0.00014304860791697037
177,3,25,3.763487034787168e-05
178,3,26,0.0001536908715011315
179,3,27,5.164612078041264e-05
180,3,53,1.8936910952817946e-05
181,3,57,2.197100165796568e-05
182,3,63,0.0011362146571690785
183,3,64,0.0007116291800164233
184,3,65,0.0006740256440833525
185,3,66,0.001325583766697258
186,3,67,0.0006296522891811977
187,3,68,0.0006789575390400591
188,3,69,0.0003360634901485998
189,3,70,0.0006916089217550914
190,3,71,0.0002793585624031412
191,3,72,0.0005341904731466555
192,3,73,0.0009941878250229446
193,3,74,0.0005841555582055705
194,3,75,0.001325583766697258
195,3,76,0.001503405979302988
196,3,77,0.001325583766697258
197,3,78,0.0007492429985680164
198,3,79,0.0009941878250229446
199,3,80,0.0008676548291109334
200,3,81,0.0008284898541857867
201,3,82,0.0005302335066789026
202,3,83,0.0005400526456914758
203,3,84,0.000897976100020724
204,3,85,0.0012341641965802064
205,3,86,0.0015122857056687024
206,3,87,0.002141327623126345
207,3,88,0.0008502020020885866
208,3,89,0.0011224701250259037
209,3,90,0.0010284701638168386
210,3,91,0.0012568497936092536
211,3,92,0.0006916089217550914
212,6,0,4.074468751958878e-05
213,6,1,0.00010332384873388549
214,6,2,0.00016860714535133148
215,6,3,6.165505891615149e-05
216,6,5,0.00012518657614714242
217,6,6,0.00015066058873522382
218,6,7,0.0004594613699017461
219,6,8,0.0003691399040236258
220,6,9,0.00019424883561970546
221,6,10,6.478405315614631e-05
222,6,11,0.00010283183040658123
223,6,12,0.00022599088310283662
224,6,13,5.836401185238395e-05
225,6,16,4.234251840270998e-05
226,6,19,2.440077331681584e-05
227,6,22,0.00010797342192691034
228,6,23,0.00047238372093023293
229,6,24,0.00015535744162145383
230,6,25,4.087321965687465e-05
231,6,26,0.0001669154348628566
232,6,27,5.6090089312680664e-05
233,6,53,2.0566366081316173e-05
234,6,57,2.386152970760448e-05
235,6,63,0.001233981964878976
236,6,64,0.0007728623885294637
237,6,65,0.0007320231995044769
238,6,66,0.0014396456256921375
239,6,67,0.0006838316722037659
240,6,68,0.0007373794668179241
241,6,69,0.00036498058116138767
242,6,70,0.0007511194568828551
243,6,71,0.00030339639219131756
244,6,72,0.0005801556999057881
245,6,73,0.0010797342192691033
246,6,74,0.0006344201062372128
247,6,75,0.0014396456256921375
248,6,76,0.0016327688193825485
249,6,77,0.0014396456256921375
250,6,78,0.0008137127449564256
251,6,79,0.0010797342192691033
252,6,80,0.000942313500453036
253,6,81,0.0008997785160575871
254,6,82,0.0005758582502768555
255,6,83,0.0005865222919486492
256,6,84,0.0009752438109527387
257,6,85,0.0013403597204719904
258,6,86,0.0016424126152262436
259,6,87,0.0023255813953488463
260,6,88,0.0009233589185473725
261,6,89,0.001219054763690923
262,6,90,0.0011169664337266584
263,6,91,0.0013649973339895836
264,6,92,0.0007511194568828551
265,8,0,0.00029949086552860085
266,8,1,0.0007594744436849707
267,8,2,0.0012393345726679072
268,8,3,0.00045319103134948917
269,8,5,0.0009201748332183133
270,8,6,0.0011074197120708757
271,8,7,0.003377237419790616
272,8,8,0.0027133360466693765
273,8,9,0.0014278119541277442
274,8,10,0.00047619047619047576
275,8,11,0.0007558578987150422
276,8,12,0.0016611295681063136
277,8,13,0.0004290004290004294
278,8,16,0.0003112356053532536
279,8,19,0.0001793561115595015
280,8,22,0.0007936507936507938
281,8,23,0.0034722222222222264
282,8,24,0.0011419435879867536
283,8,25,0.0003004356316659158
284,8,26,0.0012268997776244165
285,8,27,0.0004122861265718412
286,8,53,0.00015117157974300845
287,8,57,0.00017539244058581083
288,8,63,0.0090702947845805
289,8,64,0.005680868838763582
290,8,65,0.005380683346785041
291,8,66,0.010582010582010595
292,8,67,0.005026455026455039
293,8,68,0.005420054200542006
294,8,69,0.0026827632461435395
295,8,70,0.005521048999309875
296,8,71,0.0022300931391840413
297,8,72,0.004264392324093817
298,8,73,0.007936507936507936
299,8,74,0.004663258900547042
300,8,75,0.010582010582010595
301,8,76,0.012001548586914448
302,8,77,0.010582010582010595
303,8,78,0.00598113641591903
304,8,79,0.007936507936507936
305,8,80,0.0069264069264069325
306,8,81,0.006613756613756617
307,8,82,0.0042328042328042366
308,8,83,0.004311189496374692
309,8,84,0.00716845878136201
310,8,85,0.009852216748768485
311,8,86,0.01207243460764589
312,8,87,0.017094017094017106
313,8,88,0.006787082649151616
314,8,89,0.008960573476702517
315,8,90,0.00821018062397374
316,8,91,0.01003331373701745
317,8,92,0.005521048999309875
318,9,0,0.012540785927081872
319,9,1,0.0318019930208296
320,9,2,0.05189550452708352
321,9,3,0.01897677813377136
322,9,5,0.03853111038465727
323,9,6,0.046371743311767764
324,9,7,0.1414173732202849
325,9,8,0.11361737677527164
326,9,9,0.059787746879159616
327,9,10,0.019939849624060247
328,9,11,0.031650554958825614
329,9,12,0.06955761496765182
330,9,13,0.017963828490144305
331,9,16,0.013032581453634092
332,9,19,0.007510301176670488
333,9,22,0.03323308270676702
334,9,23,0.14539473684210535
335,9,24,0.0478173851895928
336,9,25,0.01258034676596855
337,9,26,0.051374813846209705
338,9,27,0.017263939068450355
339,9,53,0.00633011099176514
340,9,57,0.0073443276700037455
341,9,63,0.3798066595059085
342,9,64,0.2378789077958059
343,9,65,0.2253090353001152
344,9,66,0.44310776942355895
345,9,67,0.21047619047619004
346,9,68,0.22695763799743196
347,9,69,0.1123371809806206
348,9,70,0.2311866623079448
349,9,71,0.09338221587025416
350,9,72,0.1785658175288971
351,9,73,0.3323308270676701
352,9,74,0.1952678305934332
353,9,75,0.44310776942355895
354,9,76,0.5025490555657433
355,9,77,0.44310776942355895
356,9,78,0.2504522175002735
357,9,79,0.3323308270676701
358,9,80,0.2900341763499665
359,9,81,0.2769423558897248
360,9,82,0.17724310776942376
361,9,83,0.1805253875429316
362,9,84,0.3001697792869269
363,9,85,0.4125486129115895
364,9,86,0.5055173144127939
365,9,87,0.7157894736842114
366,9,88,0.2842001555613167
367,9,89,0.3752122241086592
368,9,90,0.3437905107596573
369,9,91,0.4201318110090051
370,9,92,0.2311866623079448
371,10,0,0.002978436657681943
372,10,1,0.007552973342447025
373,10,2,0.012325182325182342
374,10,3,0.004506984806770685
375,10,5,0.00915113871635612
376,10,6,0.01101328903654487
377,10,7,0.03358662613981762
378,10,8,0.026984126984126958
379,10,9,0.014199589883800429
380,10,10,0.00473571428571429
381,10,11,0.0075170068027210985
382,10,12,0.016519933554817283
383,10,13,0.0042664092664092745
384,10,16,0.003095238095238104
385,10,19,0.0017836965294592434
386,10,22,0.007892857142857151
387,10,23,0.034531250000000034
388,10,24,0.011356628982528264
389,10,25,0.002987832356917537
390,10,26,0.012201518288474813
391,10,27,0.0041001855287569645
392,10,53,0.0015034013605442198
393,10,57,0.0017442778216258902
394,10,63,0.0902040816326532
395,10,64,0.056496240601503725
396,10,65,0.05351089588377729
397,10,66,0.1052380952380954
398,10,67,0.04998809523809535
399,10,68,0.053902439024390215
400,10,69,0.026680080482897425
401,10,70,0.0549068322981366
402,10,71,0.022178276269185417
403,10,72,0.04240938166311306
404,10,73,0.0789285714285715
405,10,74,0.04637610976594035
406,10,75,0.1052380952380954
407,10,76,0.11935540069686415
408,10,77,0.1052380952380954
409,10,78,0.0594824016563148
410,10,79,0.0789285714285715
411,10,80,0.06888311688311696
412,10,81,0.06577380952380964
413,10,82,0.042095238095238185
414,10,83,0.04287477954144621
415,10,84,0.07129032258064512
416,10,85,0.0979802955665026
417,10,86,0.12006036217303842
418,10,87,0.17000000000000007
419,10,88,0.06749753694581287
420,10,89,0.08911290322580646
421,10,90,0.08165024630541877
422,10,91,0.09978130511463854
423,10,92,0.0549068322981366
424,11,0,0.0009733453129679543
425,11,1,0.002468291941976159
426,11,2,0.004027837361170706
427,11,3,0.0014728708518858427
428,11,5,0.002990568207959524
429,11,6,0.0035991140642303437
430,11,7,0.010976021614319495
431,11,8,0.008818342151675483
432,11,9,0.004640388850915169
433,11,10,0.0015476190476190485
434,11,11,0.0024565381708238822
435,11,12,0.005398671096345526
436,11,13,0.001394251394251396
437,11,16,0.0010115157173980717
438,11,19,0.0005829073625683793
439,11,22,0.002579365079365084
440,11,23,0.011284722222222234
441,11,24,0.0037113166609569538
442,11,25,0.000976415802914226
443,11,26,0.003987424277279359
444,11,27,0.001339929911358485
445,11,53,0.0004913076341647783
446,11,57,0.0005700254319038857
447,11,63,0.029478458049886695
448,11,64,0.018462823725981643
449,11,65,0.017487220877051398
450,11,66,0.03439153439153439
451,11,67,0.016335978835978857
452,11,68,0.017615176151761537
453,11,69,0.00871898054996647
454,11,70,0.01794340924775709
455,11,71,0.007247802702348155
456,11,72,0.013859275053304915
457,11,73,0.02579365079365084
458,11,74,0.015155591426777875
459,11,75,0.03439153439153439
460,11,76,0.039005032907472016
461,11,77,0.03439153439153439
462,11,78,0.01943869335173686
463,11,79,0.02579365079365084
464,11,80,0.02251082251082249
465,11,81,0.02149470899470906
466,11,82,0.013756613756613774
467,11,83,0.014011365863217723
468,11,84,0.023297491039426518
469,11,85,0.03201970443349751
470,11,86,0.039235412474849164
471,11,87,0.055555555555555566
472,11,88,0.02205801860974272
473,11,89,0.0291218637992832
474,11,90,0.026683087027914595
475,11,91,0.03260826964530667
476,11,92,0.01794340924775709
477,12,0,0.00040744687519588777
478,12,1,0.0010332384873388543
479,12,2,0.001686071453513315
480,12,3,0.0006165505891615148
481,12,5,0.0012518657614714243
482,12,6,0.0015066058873522384
483,12,7,0.004594613699017461
484,12,8,0.003691399040236257
485,12,9,0.0019424883561970547
486,12,10,0.000647840531561463
487,12,11,0.0010283183040658123
488,12,12,0.0022599088310283665
489,12,13,0.0005836401185238395
490,12,16,0.00042342518402709977
491,12,19,0.0002440077331681584
492,12,22,0.0010797342192691033
493,12,23,0.004723837209302329
494,12,24,0.0015535744162145384
495,12,25,0.0004087321965687465
496,12,26,0.001669154348628566
497,12,27,0.0005609008931268066
498,12,53,0.00020566366081316176
499,12,57,0.00023861529707604483
500,12,63,0.012339819648789762
501,12,64,0.0077286238852946375
502,12,65,0.0073202319950447705
503,12,66,0.014396456256921375
504,12,67,0.00683831672203766
505,12,68,0.007373794668179242
506,12,69,0.003649805811613876
507,12,70,0.007511194568828552
508,12,71,0.0030339639219131753
509,12,72,0.005801556999057881
510,12,73,0.010797342192691036
511,12,74,0.006344201062372129
512,12,75,0.014396456256921375
513,12,76,0.01632768819382548
514,12,77,0.014396456256921375
515,12,78,0.008137127449564257
516,12,79,0.010797342192691036
517,12,80,0.00942313500453036
518,12,81,0.008997785160575872
519,12,82,0.005758582502768555
520,12,83,0.005865222919486492
521,12,84,0.009752438109527388
522,12,85,0.013403597204719904
523,12,86,0.016424126152262433
524,12,87,0.023255813953488462
525,12,88,0.009233589185473724
526,12,89,0.012190547636909228
527,12,90,0.011169664337266584
528,12,91,0.013649973339895836
529,12,92,0.007511194568828552
530,13,0,0.0033146353901070827
531,13,1,0.008405534721324194
532,13,2,0.01371641912182454
533,13,3,0.005015722360476104
534,13,5,0.010184097140618895
535,13,6,0.012256442489000648
536,13,7,0.03737780333525015
537,13,8,0.03003003003003012
538,13,9,0.015802405276089504
539,13,10,0.005270270270270279
540,13,11,0.008365508365508364
541,13,12,0.01838466373350096
542,13,13,0.00474799123447772
543,13,16,0.003444621091679916
544,13,19,0.0019850358833409763
545,13,22,0.008783783783783791
546,13,23,0.03842905405405415
547,13,24,0.012638537818393941
548,13,25,0.0033250916531673684
549,13,26,0.01357879618749185
550,13,27,0.0045630045630045725
551,13,53,0.0016731016731016748
552,13,57,0.0019411676870240398
553,13,63,0.10038610038610056
554,13,64,0.0628733997155051
555,13,65,0.05955107650022909
556,13,66,0.11711711711711728
557,13,67,0.05563063063063076
558,13,68,0.05998681608437705
559,13,69,0.0296916634944804
560,13,70,0.061104582843713375
561,13,71,0.02468170649988831
562,13,72,0.04719645018152484
563,13,73,0.08783783783783793
564,13,74,0.0516109329668653
565,13,75,0.11711711711711728
566,13,76,0.1328279499011208
567,13,77,0.11711711711711728
568,13,78,0.06619663141402282
569,13,79,0.08783783783783793
570,13,80,0.07665847665847678
571,13,81,0.07319819819819824
572,13,82,0.04684684684684684
573,13,83,0.0477143810477145
574,13,84,0.07933740191804707
575,13,85,0.10904007455731604
576,13,86,0.13361248572516196
577,13,87,0.1891891891891896
578,13,88,0.07511649580615112
579,13,89,0.09917175239755892
580,13,90,0.09086672879776336
581,13,91,0.11104437771104443
582,13,92,0.061104582843713375
583,17,0,0.00016073592324241471
584,17,1,0.0004076078436290904
585,17,2,0.0006651474541382807
586,17,3,0.00024322637921050694
587,17,5,0.000493855300396984
588,17,6,0.0005943491115242781
589,17,7,0.0018125540280527605
590,17,8,0.0014562399883500813
591,17,9,0.0007663027460226884
592,17,10,0.0002555701179554401
593,17,11,0.0004056668538975226
594,17,12,0.0008915236672864162
595,17,13,0.00023024334950940526
596,17,16,0.0001670392927813329
597,17,19,9.625993143331043e-05
598,17,22,0.0004259501965923995
599,17,23,0.0018635321100917504
600,17,24,0.0006128779807084876
601,17,25,0.00016124297662803734
602,17,26,0.0006584737338626447
603,17,27,0.00022127282939864902
604,17,53,8.113337077950452e-05
605,17,57,9.413264013091686e-05
606,17,63,0.004868002246770264
607,17,64,0.0030489066703455873
608,17,65,0.002887797942999323
609,17,66,0.0056793359545653215
610,17,67,0.002697684578418517
611,17,68,0.00290892817185052
612,17,69,0.0014398316504531787
613,17,70,0.002963131802381904
614,17,71,0.0011968848499290551
615,17,72,0.002288687623481537
616,17,73,0.004259501965923995
617,17,74,0.002502758217266081
618,17,75,0.0056793359545653215
619,17,76,0.006441198094811875
620,17,77,0.0056793359545653215
621,17,78,0.0032100594525803915
622,17,79,0.004259501965923995
623,17,80,0.0037173835338973017
624,17,81,0.0035495849716033227
625,17,82,0.002271734381826132
626,17,83,0.002313803537045132
627,17,84,0.0038472920982539306
628,17,85,0.005287657612871163
629,17,86,0.006479242427039298
630,17,87,0.009174311926605512
631,17,88,0.003642608577755683
632,17,89,0.004809115122817408
633,17,90,0.004406381344059299
634,17,91,0.005384851868032303
635,17,92,0.002963131802381904
636,18,0,0.0001592746875765745
637,18,1,0.0004039023177779166
638,18,2,0.0006591006591006597
639,18,3,0.0002410152303085932
640,18,5,0.0004893657067570111
641,18,6,0.0005889459377831478
642,18,7,0.0017960762641613718
643,18,8,0.0014430014430014445
644,18,9,0.000759336357422482
645,18,10,0.00025324675324675283
646,18,11,0.00040197897340754434
647,18,12,0.0008834189066747207
648,18,13,0.00022815022815022865
649,18,16,0.000165520753756048
650,18,19,9.53848411475532e-05
651,18,22,0.000422077922077922
652,18,23,0.001846590909090911
653,18,24,0.000607306362702047
654,18,25,0.00015977713138596423
655,18,26,0.0006524876090093478
656,18,27,0.00021926125822229777
657,18,53,8.039579468150904e-05
658,18,57,9.327688885699944e-05
659,18,63,0.004823747680890547
660,18,64,0.0030211893369788212
661,18,65,0.002861545234426601
662,18,66,0.005627705627705632
663,18,67,0.002673160173160177
664,18,68,0.0028824833702882496
665,18,69,0.0014267422718126958
666,18,70,0.002936194240542069
667,18,71,0.001186004078566063
668,18,72,0.002267881372358979
669,18,73,0.0042207792207792205
670,18,74,0.0024800058698363765
671,18,75,0.005627705627705632
672,18,76,0.006382641748495411
673,18,77,0.005627705627705632
674,18,78,0.003180877093920577
675,18,79,0.0042207792207792205
676,18,80,0.0036835891381346046
677,18,81,0.0035173160173160127
678,18,82,0.002251082251082249
679,18,83,0.0022927689594356322
680,18,84,0.003812316715542533
681,18,85,0.005239587998208687
682,18,86,0.006420340223157126
683,18,87,0.009090909090909108
684,18,88,0.0036094939543215455
685,18,89,0.0047653958944281535
686,18,90,0.0043663233318405855
687,18,91,0.005335898669232007
688,18,92,0.002936194240542069
689,30,0,0.00034353363987104344
690,30,1,0.000871161861873937
691,30,2,0.001421589656883776
692,30,3,0.0005198367712538264
693,30,5,0.0010554946616327704
694,30,6,0.0012702755520812993
695,30,7,0.003873889981524535
696,30,8,0.0031123560535325358
697,30,9,0.0016377843003230015
698,30,10,0.0005462184873949594
699,30,11,0.0008670134720554902
700,30,12,0.0019054133281219414
701,30,13,0.0004920887273828449
702,30,16,0.0003570055473169662
703,30,19,0.00020573201031825206
704,30,22,0.0009103641456582648
705,30,23,0.003982843137254915
706,30,24,0.0013098764685730427
707,30,25,0.0003446173422050211
708,30,26,0.0014073262155103589
709,30,27,0.0004729164393029945
710,30,53,0.0001734026944110979
711,30,57,0.0002011854465543132
712,30,63,0.01040416166466587
713,30,64,0.006516290726817046
714,30,65,0.006171960309547561
715,30,66,0.012138188608776851
716,30,67,0.005765639589169001
717,30,68,0.006217120994739373
718,30,69,0.003077287252929336
719,30,70,0.006332967969796618
720,30,71,0.0025580480125934712
721,30,72,0.00489150884234291
722,30,73,0.00910364145658265
723,30,74,0.005349032268274542
724,30,75,0.012138188608776851
725,30,76,0.013766482202637164
726,30,77,0.012138188608776851
727,30,78,0.006860715300613002
728,30,79,0.00910364145658265
729,30,80,0.007944996180290303
730,30,81,0.007586367880485538
731,30,82,0.00485527544351074
732,30,83,0.004945187951723913
733,30,84,0.0082226438962682
734,30,85,0.011301072152999136
735,30,86,0.013847792638182038
736,30,87,0.019607843137254933
737,30,88,0.007785183038732734
738,30,89,0.010278304870335236
739,30,90,0.00941756012749928
740,30,91,0.011508801051284727
741,30,92,0.006332967969796618
742,35,0,0.0003808742529005034
743,35,1,0.0009658533685993648
744,35,2,0.001576110271762447
745,35,3,0.0005763407681292433
746,35,5,0.0011702223422450275
747,35,6,0.0014083489816553536
748,35,7,0.004294964979516328
749,35,8,0.003450655624568679
750,35,9,0.0018158043329668055
751,35,10,0.0006055900621118014
752,35,11,0.0009612540668441293
753,35,12,0.0021125234724830248
754,35,13,0.0005455766325331553
755,35,16,0.0003958104981122893
756,35,19,0.00022809418535284484
757,35,22,0.0010093167701863358
758,35,23,0.004415760869565226
759,35,24,0.0014522543455918505
760,35,25,0.00038207574896643694
761,35,26,0.001560296456326704
762,35,27,0.000524320400096798
763,35,53,0.00019225081336882592
764,35,57,0.00022305342987543404
765,35,63,0.011535048802129551
766,35,64,0.007224583197123245
767,35,65,0.006842825560585324
768,35,66,0.013457556935817813
769,35,67,0.00639233954451347
770,35,68,0.006892895015906683
771,35,69,0.0034117749978129657
772,35,70,0.007021334053470161
773,35,71,0.002836096709614501
774,35,72,0.005423194586075839
775,35,73,0.01009316770186336
776,35,74,0.0059304488191739575
777,35,75,0.013457556935817813
778,35,76,0.015262838963793381
779,35,77,0.013457556935817813
780,35,78,0.007606445224592673
781,35,79,0.01009316770186336
782,35,80,0.008808582721626209
783,35,81,0.00841097308488614
784,35,82,0.005383022774327125
785,35,83,0.005482708381259111
786,35,84,0.009116409537166907
787,35,85,0.012529449560933829
788,35,86,0.015352987490158366
789,35,87,0.021739130434782632
790,35,88,0.008631398586421082
791,35,89,0.011395511921458629
792,35,90,0.010441207967444865
793,35,91,0.012759757687293935
794,35,92,0.007021334053470161
795,36,0,0.002761338333528657
796,36,1,0.007002436922345398
797,36,2,0.011426799470277742
798,36,3,0.0041784705689370105
799,36,5,0.008484111981276441
800,36,6,0.010210530117001305
801,36,7,0.031138496101493326
802,36,8,0.025017253278122882
803,36,9,0.013164581414009342
804,36,10,0.0043905279503105655
805,36,11,0.0069690919846199465
806,36,12,0.015315795175501962
807,36,13,0.003955430585865371
808,36,16,0.0028696261113140983
809,36,19,0.0016536828438081207
810,36,22,0.007317546583850944
811,36,23,0.03201426630434781
812,36,24,0.010528844005540909
813,36,25,0.002770049180006664
814,36,26,0.011312149308368602
815,36,27,0.003801322900701785
816,36,53,0.0013938183969239874
817,36,57,0.0016171373665968926
818,36,63,0.08362910381543925
819,36,64,0.05237822817914352
820,36,65,0.049610485314243696
821,36,66,0.09756728778467924
822,36,67,0.046344461697722536
823,36,68,0.049973488865323434
824,36,69,0.024735368734144
825,36,70,0.05090467188765869
826,36,71,0.020561701144705145
827,36,72,0.03931816074904978
828,36,73,0.07317546583850942
829,36,74,0.042995753939011186
830,36,75,0.09756728778467924
831,36,76,0.1106555824875019
832,36,77,0.09756728778467924
833,36,78,0.05514672787829684
834,36,79,0.07317546583850942
835,36,80,0.06386222473178996
836,36,81,0.060979554865424425
837,36,82,0.039026915113871685
838,36,83,0.03974963576412849
839,36,84,0.06609396914446009
840,36,85,0.09083850931677033
841,36,86,0.11130915930364817
842,36,87,0.1576086956521741
843,36,88,0.06257763975155277
844,36,89,0.08261746143057501
845,36,90,0.07569875776397524
846,36,91,0.09250824323288108
847,36,92,0.05090467188765869
848,37,0,0.00033692722371967684
849,37,1,0.0008544087491455924
850,37,2,0.001394251394251396
851,37,3,0.0005098399102681768
852,37,5,0.0010351966873706018
853,37,6,0.0012458471760797354
854,37,7,0.00379939209726444
855,37,8,0.0030525030525030625
856,37,9,0.001606288448393712
857,37,10,0.0005357142857142853
858,37,11,0.0008503401360544227
859,37,12,0.001868770764119612
860,37,13,0.0004826254826254833
861,37,16,0.00035014005602241005
862,37,19,0.0002017756255044402
863,37,22,0.0008928571428571441
864,37,23,0.0039062499999999952
865,37,24,0.001284686536485099
866,37,25,0.000337990085624156
867,37,26,0.001380262249827468
868,37,27,0.0004638218923933219
869,37,53,0.00017006802721088456
870,37,57,0.000197316495659038
871,37,63,0.010204081632653059
872,37,64,0.006390977443609018
873,37,65,0.006053268765133167
874,37,66,0.011904761904761916
875,37,67,0.005654761904761901
876,37,68,0.006097560975609764
877,37,69,0.0030181086519114725
878,37,70,0.006211180124223607
879,37,71,0.0025088547815820565
880,37,72,0.004797441364605542
881,37,73,0.00892857142857144
882,37,74,0.005246166263115426
883,37,75,0.011904761904761916
884,37,76,0.01350174216027876
885,37,77,0.011904761904761916
886,37,78,0.006728778467908906
887,37,79,0.00892857142857144
888,37,80,0.007792207792207806
889,37,81,0.007440476190476205
890,37,82,0.00476190476190476
891,37,83,0.004850088183421524
892,37,84,0.008064516129032263
893,37,85,0.011083743842364545
894,37,86,0.013581488933601615
895,37,87,0.019230769230769214
896,37,88,0.00763546798029558
897,37,89,0.01008064516129033
898,37,90,0.009236453201970456
899,37,91,0.011287477954144629
900,37,92,0.006211180124223607
901,41,0,0.0004492362982929031
902,41,1,0.0011392116655274556
903,41,2,0.0018590018590018587
904,41,3,0.0006797865470242348
905,41,5,0.001380262249827468
906,41,6,0.0016611295681063136
907,41,7,0.0050658561296859144
908,41,8,0.0040700040700040645
909,41,9,0.0021417179311916165
910,41,10,0.0007142857142857156
911,41,11,0.0011337868480725646
912,41,12,0.0024916943521594635
913,41,13,0.000643500643500645
914,41,16,0.0004668534080298794
915,41,19,0.00026903416733925294
916,41,22,0.0011904761904761915
917,41,23,0.005208333333333339
918,41,24,0.0017129153819801322
919,41,25,0.00045065344749887473
920,41,26,0.0018403496664366238
921,41,27,0.0006184291898577619
922,41,53,0.0002267573696145125
923,41,57,0.0002630886608787155
924,41,63,0.013605442176870769
925,41,64,0.008521303258145365
926,41,65,0.00807102502017757
927,41,66,0.01587301587301589
928,41,67,0.007539682539682547
929,41,68,0.00813008130081302
930,41,69,0.00402414486921529
931,41,70,0.008281573498964802
932,41,71,0.0033451397087760817
933,41,72,0.006396588486140734
934,41,73,0.011904761904761916
935,41,74,0.006994888350820561
936,41,75,0.01587301587301589
937,41,76,0.018002322880371676
938,41,77,0.01587301587301589
939,41,78,0.008971704623878553
940,41,79,0.011904761904761916
941,41,80,0.010389610389610391
942,41,81,0.009920634920634929
943,41,82,0.006349206349206357
944,41,83,0.0064667842445620205
945,41,84,0.010752688172043024
946,41,85,0.014778325123152716
947,41,86,0.018108651911468838
948,41,87,0.025641025641025626
949,41,88,0.010180623973727434
950,41,89,0.013440860215053769
951,41,90,0.0123152709359606
952,41,91,0.01504997060552618
953,41,92,0.008281573498964802
954,46,0,0.016039634030598708
955,46,1,0.04067467002974797
956,46,2,0.06637422130379883
957,46,3,0.024271252066287774
958,46,5,0.04928119441285397
959,46,6,0.059309344438725514
960,46,7,0.1808724688556875
961,46,8,0.14531634249944125
962,46,9,0.07646837965592602
963,46,10,0.02550301810865196
964,46,11,0.04048098112484441
965,46,12,0.08896401665808808
966,46,13,0.022975691989776517
967,46,16,0.016668639286700603
968,46,19,0.00960565653809865
969,46,22,0.04250503018108661
970,46,23,0.18595950704225345
971,46,24,0.06115831680731877
972,46,25,0.01609023224520626
973,46,26,0.06570825921713863
974,46,27,0.022080535159006088
975,46,53,0.008096196224968863
976,46,57,0.009393376835599241
977,46,63,0.4857717734981322
978,46,64,0.3042465318225137
979,46,65,0.2881696961429597
980,46,66,0.5667337357478202
981,46,67,0.26919852448021403
982,46,68,0.2902782548952244
983,46,69,0.14367897526001086
984,46,70,0.29568716647712384
985,46,71,0.1194356219964415
986,46,72,0.22838523679389805
987,46,73,0.4250503018108661
988,46,74,0.2497470699905649
989,46,75,0.5667337357478202
990,46,76,0.6427589929822848
991,46,77,0.5667337357478202
992,46,78,0.3203277636835513
993,46,79,0.4250503018108661
994,46,80,0.3709529906713005
995,46,81,0.35420858484238715
996,46,82,0.2266934942991292
997,46,83,0.2308915219713349
998,46,84,0.38391640163562063
999,46,85,0.5276486505238339
1000,46,86,0.6465553886700486
1001,46,87,0.9154929577464792
1002,46,88,0.36349129258308505
1003,46,89,0.4798955020445249
1004,46,90,0.43970720876986097
1005,46,91,0.5373475420423783
1006,46,92,0.29568716647712384
1007,47,0,0.01652313019087066
1008,47,1,0.0419007607711075
1009,47,2,0.06837499520426349
1010,47,3,0.025002880802744952
1011,47,5,0.05076671884731279
1012,47,6,0.061097155822056576
1013,47,7,0.1863246595991803
1014,47,8,0.14969673506258893
1015,47,9,0.07877343024968195
1016,47,10,0.026271777003484282
1017,47,11,0.04170123333886402
1018,47,12,0.09164573373308496
1019,47,13,0.02366826757070659
1020,47,16,0.01717109608070871
1021,47,19,0.00989520791091689
1022,47,22,0.0437862950058072
1023,47,23,0.19156504065040655
1024,47,24,0.06300186331770821
1025,47,25,0.016575253629958583
1026,47,26,0.06768895846308373
1027,47,27,0.02274612727574406
1028,47,53,0.008340246667772805
1029,47,57,0.009676529283051329
1030,47,63,0.500414800066369
1031,47,64,0.3134176905678838
1032,47,65,0.2968562373275073
1033,47,66,0.5838172667440961
1034,47,67,0.27731320170344537
1035,47,68,0.2990283561372197
1036,47,69,0.14801001128723582
1037,47,70,0.30460031308387603
1038,47,71,0.12303587026425175
1039,47,72,0.23526964480732165
1040,47,73,0.437862950058072
1041,47,74,0.2572754056838385
1042,47,75,0.5838172667440961
1043,47,76,0.6621342171609867
1044,47,77,0.5838172667440961
1045,47,78,0.32998367250753197
1046,47,79,0.437862950058072
1047,47,80,0.3821349382325005
1048,47,81,0.3648857917150609
1049,47,82,0.2335269066976395
1050,47,83,0.2378514790438913
1051,47,84,0.3954891161814843
1052,47,85,0.5435540069686411
1053,47,86,0.6660450507925617
1054,47,87,0.9430894308943092
1055,47,88,0.3744483159117316
1056,47,89,0.4943613952268554
1057,47,90,0.4529616724738675
1058,47,91,0.5535452603203292
1059,47,92,0.30460031308387603
1060,48,0,0.017520215633423188
1061,48,1,0.04442925495557087
1062,48,2,0.07250107250107249
1063,48,3,0.026511675333945123
1064,48,5,0.05383022774327125
1065,48,6,0.06478405315614631
1066,48,7,0.19756838905775048
1067,48,8,0.15873015873015892
1068,48,9,0.08352699931647302
1069,48,10,0.027857142857142882
1070,48,11,0.04421768707482995
1071,48,12,0.09717607973421928
1072,48,13,0.02509652509652509
1073,48,16,0.01820728291316528
1074,48,19,0.010492332526230832
1075,48,22,0.04642857142857147
1076,48,23,0.20312500000000014
1077,48,24,0.06680369989722508
1078,48,25,0.017575484452456082
1079,48,26,0.0717736369910284
1080,48,27,0.024118738404452736
1081,48,53,0.00884353741496599
1082,48,57,0.01026045777426994
1083,48,63,0.5306122448979601
1084,48,64,0.3323308270676701
1085,48,65,0.3147699757869256
1086,48,66,0.6190476190476191
1087,48,67,0.2940476190476187
1088,48,68,0.3170731707317073
1089,48,69,0.15694164989939646
1090,48,70,0.3229813664596279
1091,48,71,0.13046044864226689
1092,48,72,0.2494669509594881
1093,48,73,0.4642857142857147
1094,48,74,0.2728006456820025
1095,48,75,0.6190476190476191
1096,48,76,0.7020905923344956
1097,48,77,0.6190476190476191
1098,48,78,0.34989648033126275
1099,48,79,0.4642857142857147
1100,48,80,0.4051948051948052
1101,48,81,0.3869047619047616
1102,48,82,0.2476190476190472
1103,48,83,0.2522045855379182
1104,48,84,0.4193548387096774
1105,48,85,0.5763546798029564
1106,48,86,0.7062374245472842
1107,48,87,1.0
1108,48,88,0.3970443349753701
1109,48,89,0.5241935483870972
1110,48,90,0.4802955665024627
1111,48,91,0.5869488536155201
1112,48,92,0.3229813664596279
1113,49,0,0.01716627188325303
1114,49,1,0.04353169424939756
1115,49,2,0.07103640436973774
1116,49,3,0.02597608593325945
1117,49,5,0.05274274839492235
1118,49,6,0.06347528440551709
1119,49,7,0.19357710847072576
1120,49,8,0.1555234888568223
1121,49,9,0.08183958518886751
1122,49,10,0.02729437229437232
1123,49,11,0.043324400467257586
1124,49,12,0.09521292660827543
1125,49,13,0.02458952458952453
1126,49,16,0.017839459015929624
1127,49,19,0.010280366212569616
1128,49,22,0.04549062049062054
1129,49,23,0.19902146464646475
1130,49,24,0.06545413020233162
1131,49,25,0.017220424160487264
1132,49,26,0.07032366452656319
1133,49,27,0.02363149116395881
1134,49,53,0.008664880093451538
1135,49,57,0.010053175799032164
1136,49,63,0.5198928056070918
1137,49,64,0.32561707298549397
1138,49,65,0.3084109863770875
1139,49,66,0.6065416065416078
1140,49,67,0.2881072631072631
1141,49,68,0.31066765213106656
1142,49,69,0.1537711115175905
1143,49,70,0.3164564903695337
1144,49,71,0.12782488402323133
1145,49,72,0.2444272145764691
1146,49,73,0.4549062049062054
1147,49,74,0.2672895215268091
1148,49,75,0.6065416065416078
1149,49,76,0.6879069440045054
1150,49,77,0.6065416065416078
1151,49,78,0.3428278645669952
1152,49,79,0.4549062049062054
1153,49,80,0.3970090515545072
1154,49,81,0.37908850408850414
1155,49,82,0.2426166426166435
1156,49,83,0.2471095434058404
1157,49,84,0.4108830237862503
1158,49,85,0.5647111509180482
1159,49,86,0.6919700018291567
1160,49,87,0.9797979797979814
1161,49,88,0.3890232372990993
1162,49,89,0.5136037797328122
1163,49,90,0.4705926257650396
1164,49,91,0.5750913010172279
1165,49,92,0.3164564903695337
1166,50,0,0.015824710894704826
1167,50,1,0.04012964963728968
1168,50,2,0.06548483967838806
1169,50,3,0.023946029333885864
1170,50,5,0.048620850864890236
1171,50,6,0.05851462865716432
1172,50,7,0.17844886753603312
1173,50,8,0.1433691756272402
1174,50,9,0.07544374131810477
1175,50,10,0.02516129032258068
1176,50,11,0.03993855606758832
1177,50,12,0.08777194298574657
1178,50,13,0.02266782911944202
1179,50,16,0.016445287792536383
1180,50,19,0.009476945507563344
1181,50,22,0.04193548387096774
1182,50,23,0.1834677419354841
1183,50,24,0.06033882571362272
1184,50,25,0.015874631118347426
1185,50,26,0.06482780115318693
1186,50,27,0.02178466694595733
1187,50,53,0.007987711213517662
1188,50,57,0.009267510247727687
1189,50,63,0.4792626728110598
1190,50,64,0.3001697792869269
1191,50,65,0.2843083652269011
1192,50,66,0.5591397849462364
1193,50,67,0.26559139784946256
1194,50,68,0.2863886703383163
1195,50,69,0.14175374829622905
1196,50,70,0.29172510518934186
1197,50,71,0.11783524393495075
1198,50,72,0.2253249879634095
1199,50,73,0.4193548387096774
1200,50,74,0.2464005831966475
1201,50,75,0.5591397849462364
1202,50,76,0.6341463414634145
1203,50,77,0.5591397849462364
1204,50,78,0.3160355306217853
1205,50,79,0.4193548387096774
1206,50,80,0.3659824046920826
1207,50,81,0.3494623655913987
1208,50,82,0.22365591397849532
1209,50,83,0.2277976901632809
1210,50,84,0.37877211238293546
1211,50,85,0.5205784204671872
1212,50,86,0.6378918673330307
1213,50,87,0.9032258064516132
1214,50,88,0.35862068965517263
1215,50,89,0.4734651404786684
1216,50,90,0.43381535038932106
1217,50,91,0.5301473516527282
1218,50,92,0.29172510518934186
1219,51,0,0.0020105165480977408
1220,51,1,0.005098439093262214
1221,51,2,0.008319795205041123
1222,51,3,0.0030423233989773143
1223,51,5,0.0061772392492278425
1224,51,6,0.007434235608082352
1225,51,7,0.02267178235088949
1226,51,8,0.01821493624772315
1227,51,9,0.00958506549533298
1228,51,10,0.00319672131147542
1229,51,11,0.0050741608118657355
1230,51,12,0.011151353412123536
1231,51,13,0.0028799291094373084
1232,51,16,0.0020893603342976574
1233,51,19,0.0012040381587478024
1234,51,22,0.005327868852459014
1235,51,23,0.023309426229508174
1236,51,24,0.007665998348861903
1237,51,25,0.002016858871593318
1238,51,26,0.008236318998970461
1239,51,27,0.0027677240791994877
1240,51,53,0.0010148321623731466
1241,51,57,0.0011774295806539267
1242,51,63,0.060889929742388736
1243,51,64,0.03813632441760146
1244,51,65,0.03612114476243412
1245,51,66,0.07103825136612033
1246,51,67,0.033743169398907084
1247,51,68,0.036385445821671365
1248,51,69,0.018009697529438942
1249,51,70,0.037063435495367024
1250,51,71,0.01497087115566998
1251,51,72,0.028627355028137937
1252,51,73,0.05327868852459015
1253,51,74,0.031304992127442824
1254,51,75,0.07103825136612033
1255,51,76,0.08056777289084371
1256,51,77,0.07103825136612033
1257,51,78,0.0401520551199811
1258,51,79,0.05327868852459015
1259,51,80,0.046497764530551516
1260,51,81,0.04439890710382515
1261,51,82,0.02841530054644805
1262,51,83,0.0289415098158268
1263,51,84,0.0481226864093072
1264,51,85,0.06613906161673262
1265,51,86,0.08104363888247518
1266,51,87,0.11475409836065585
1267,51,88,0.04556246466930474
1268,51,89,0.060153358011634135
1269,51,90,0.055115884680610606
1270,51,91,0.06735478648046968
1271,51,92,0.037063435495367024
1272,52,0,0.017004915173616623
1273,52,1,0.04312251216275994
1274,52,2,0.07036868801574696
1275,52,3,0.025731920177064424
1276,52,5,0.05224698575082206
1277,52,6,0.06287863982802429
1278,52,7,0.19175755408546488
1279,52,8,0.15406162464986015
1280,52,9,0.08107032286598853
1281,52,10,0.02703781512605051
1282,52,11,0.04291716686674675
1283,52,12,0.09431795974203636
1284,52,13,0.024358392005450858
1285,52,16,0.017671774592189844
1286,52,19,0.010183734510753469
1287,52,22,0.04506302521008401
1288,52,23,0.1971507352941176
1289,52,24,0.06483888519436554
1290,52,25,0.01705855843914855
1291,52,26,0.06966264766776274
1292,52,27,0.02340936374549818
1293,52,53,0.008583433373349351
1294,52,57,0.009958679604438471
1295,52,63,0.5150060024009611
1296,52,64,0.32255639097744426
1297,52,65,0.30551203532260385
1298,52,66,0.6008403361344545
1299,52,67,0.28539915966386525
1300,52,68,0.3077474892395989
1301,52,69,0.1523257190200025
1302,52,70,0.313481914504932
1303,52,71,0.12662337662337678
1304,52,72,0.24212968769597426
1305,52,73,0.45063025210084
1306,52,74,0.2647770972795894
1307,52,75,0.6008403361344545
1308,52,76,0.68144086903054
1309,52,77,0.6008403361344545
1310,52,78,0.3396054073803433
1311,52,79,0.45063025210084
1312,52,80,0.3932773109243702
1313,52,81,0.3755252100840336
1314,52,82,0.2403361344537811
1315,52,83,0.2447868036103325
1316,52,84,0.4070208728652749
1317,52,85,0.5594030715734579
1318,52,86,0.6854657355900107
1319,52,87,0.970588235294118
1320,52,88,0.385366560417271
1321,52,89,0.5087760910815946
1322,52,90,0.4661692263112137
1323,52,91,0.5696856520385946
1324,52,92,0.313481914504932
1325,53,0,0.01635220125786165
1326,53,1,0.04146730462519937
1327,53,2,0.06766766766766766
1328,53,3,0.02474423031168216
1329,53,5,0.05024154589371993
1330,53,6,0.060465116279069774
1331,53,7,0.1843971631205676
1332,53,8,0.14814814814814833
1333,53,9,0.07795853269537494
1334,53,10,0.026000000000000027
1335,53,11,0.04126984126984126
1336,53,12,0.09069767441860477
1337,53,13,0.02342342342342342
1338,53,16,0.016993464052287594
1339,53,19,0.009792843691148785
1340,53,22,0.043333333333333314
1341,53,23,0.18958333333333288
1342,53,24,0.062350119904076885
1343,53,25,0.016403785488959006
1344,53,26,0.06698872785829313
1345,53,27,0.02251082251082249
1346,53,53,0.008253968253968253
1347,53,57,0.009576427255985284
1348,53,63,0.4952380952380962
1349,53,64,0.3101754385964913
1350,53,65,0.2937853107344631
1351,53,66,0.5777777777777781
1352,53,67,0.2744444444444451
1353,53,68,0.29593495934959385
1354,53,69,0.1464788732394367
1355,53,70,0.3014492753623188
1356,53,71,0.1217630853994491
1357,53,72,0.2328358208955222
1358,53,73,0.4333333333333331
1359,53,74,0.2546139359698687
1360,53,75,0.5777777777777781
1361,53,76,0.6552845528455299
1362,53,77,0.5777777777777781
1363,53,78,0.3265700483091785
1364,53,79,0.4333333333333331
1365,53,80,0.3781818181818192
1366,53,81,0.3611111111111106
1367,53,82,0.2311111111111105
1368,53,83,0.2353909465020585
1369,53,84,0.3913978494623659
1370,53,85,0.5379310344827589
1371,53,86,0.6591549295774658
1372,53,87,0.9333333333333348
1373,53,88,0.3705747126436776
1374,53,89,0.4892473118279578
1375,53,90,0.4482758620689667
1376,53,91,0.5478189300411532
1377,53,92,0.3014492753623188
1378,54,0,0.007844872671682027
1379,54,1,0.01989369624876309
1380,54,2,0.03246316679152507
1381,54,3,0.01187089940325903
1382,54,5,0.024103087049225997
1383,54,6,0.02900778499528931
1384,54,7,0.08846345778705267
1385,54,8,0.07107320540156373
1386,54,9,0.03740014894767454
1387,54,10,0.012473347547974422
1388,54,11,0.01979896436186409
1389,54,12,0.04351167749293396
1390,54,13,0.011237250043220194
1391,54,16,0.008152514737238176
1392,54,19,0.0046980593401033536
1393,54,22,0.020788912579957432
1394,54,23,0.09095149253731348
1395,54,24,0.029912104431593263
1396,54,25,0.007869619904084814
1397,54,26,0.032137449398967934
1398,54,27,0.010799435106471356
1399,54,53,0.0039597928723728365
1400,54,57,0.004594234824299978
1401,54,63,0.2375875723423709
1402,54,64,0.14880484794074744
1403,54,65,0.1409417802031008
1404,54,66,0.2771855010660991
1405,54,67,0.1316631130063967
1406,54,68,0.14197306152166014
1407,54,69,0.07027238055196865
1408,54,70,0.1446185222953556
1409,54,71,0.05841512625773153
1410,54,72,0.1117016198326068
1411,54,73,0.2078891257995743
1412,54,74,0.12214954284268738
1413,54,75,0.2771855010660991
1414,54,76,0.314368921940818
1415,54,77,0.2771855010660991
1416,54,78,0.1566700658199686
1417,54,79,0.2078891257995743
1418,54,80,0.18143050978871889
1419,54,81,0.1732409381663114
1420,54,82,0.11087420042643926
1421,54,83,0.11292742636026235
1422,54,84,0.18777082330284028
1423,54,85,0.2580692596132637
1424,54,86,0.3162257124838596
1425,54,87,0.4477611940298514
1426,54,88,0.1777810455113596
1427,54,89,0.23471352912855176
1428,54,90,0.21505771634438572
1429,54,91,0.2628129195293385
1430,54,92,0.1446185222953556
1431,55,0,0.017520215633423188
1432,55,1,0.04442925495557087
1433,55,2,0.07250107250107249
1434,55,3,0.026511675333945123
1435,55,5,0.05383022774327125
1436,55,6,0.06478405315614631
1437,55,7,0.19756838905775048
1438,55,8,0.15873015873015892
1439,55,9,0.08352699931647302
1440,55,10,0.027857142857142882
1441,55,11,0.04421768707482995
1442,55,12,0.09717607973421928
1443,55,13,0.02509652509652509
1444,55,16,0.01820728291316528
1445,55,19,0.010492332526230832
1446,55,22,0.04642857142857147
1447,55,23,0.20312500000000014
1448,55,24,0.06680369989722508
1449,55,25,0.017575484452456082
1450,55,26,0.0717736369910284
1451,55,27,0.024118738404452736
1452,55,53,0.00884353741496599
1453,55,57,0.01026045777426994
1454,55,63,0.5306122448979601
1455,55,64,0.3323308270676701
1456,55,65,0.3147699757869256
1457,55,66,0.6190476190476191
1458,55,67,0.2940476190476187
1459,55,68,0.3170731707317073
1460,55,69,0.15694164989939646
1461,55,70,0.3229813664596279
1462,55,71,0.13046044864226689
1463,55,72,0.2494669509594881
1464,55,73,0.4642857142857147
1465,55,74,0.2728006456820025
1466,55,75,0.6190476190476191
1467,55,76,0.7020905923344956
1468,55,77,0.6190476190476191
1469,55,78,0.34989648033126275
1470,55,79,0.4642857142857147
1471,55,80,0.4051948051948052
1472,55,81,0.3869047619047616
1473,55,82,0.2476190476190472
1474,55,83,0.2522045855379182
1475,55,84,0.4193548387096774
1476,55,85,0.5763546798029564
1477,55,86,0.7062374245472842
1478,55,87,1.0
1479,55,88,0.3970443349753701
1480,55,89,0.5241935483870972
1481,55,90,0.4802955665024627
1482,55,91,0.5869488536155201
1483,55,92,0.3229813664596279
1484,56,0,0.015067385444743947
1485,56,1,0.0382091592617908
1486,56,2,0.06235092235092245
1487,56,3,0.02280004078719289
1488,56,5,0.04629399585921337
1489,56,6,0.055714285714285765
1490,56,7,0.16990881458966586
1491,56,8,0.13650793650793666
1492,56,9,0.07183321941216689
1493,56,10,0.02395714285714288
1494,56,11,0.03802721088435382
1495,56,12,0.08357142857142864
1496,56,13,0.02158301158301156
1497,56,16,0.015658263305322148
1498,56,19,0.009023405972558518
1499,56,22,0.03992857142857146
1500,56,23,0.17468750000000013
1501,56,24,0.0574511819116137
1502,56,25,0.015114916629112218
1503,56,26,0.06172532781228436
1504,56,27,0.02074211502782939
1505,56,53,0.007605442176870762
1506,56,57,0.00882399368587214
1507,56,63,0.4563265306122458
1508,56,64,0.28580451127819523
1509,56,65,0.2707021791767561
1510,56,66,0.5323809523809535
1511,56,67,0.2528809523809532
1512,56,68,0.27268292682926865
1513,56,69,0.13496981891348106
1514,56,70,0.27776397515527906
1515,56,71,0.11219598583234963
1516,56,72,0.2145415778251592
1517,56,73,0.3992857142857146
1518,56,74,0.2346085552865212
1519,56,75,0.5323809523809535
1520,56,76,0.6037979094076656
1521,56,77,0.5323809523809535
1522,56,78,0.3009109730848857
1523,56,79,0.3992857142857146
1524,56,80,0.3484675324675334
1525,56,81,0.33273809523809617
1526,56,82,0.21295238095238173
1527,56,83,0.2168959435626102
1528,56,84,0.3606451612903233
1529,56,85,0.4956650246305425
1530,56,86,0.6073641851106649
1531,56,87,0.8600000000000007
1532,56,88,0.3414581280788176
1533,56,89,0.4508064516129037
1534,56,90,0.4130541871921181
1535,56,91,0.504776014109347
1536,56,92,0.27776397515527906
1537,57,0,0.00058078062873226
1538,57,1,0.001472792981952622
1539,57,2,0.0024033504696488136
1540,57,3,0.0008788400663186232
1541,57,5,0.0017844274390034667
1542,57,6,0.0021475376736844105
1543,57,7,0.006549228366555277
1544,57,8,0.005261773217574328
1545,57,9,0.002768850806070925
1546,57,10,0.0009234411996842954
1547,57,11,0.0014657796820385614
1548,57,12,0.0032213065105266155
1549,57,13,0.0008319290087245901
1550,57,16,0.0006035563396629376
1551,57,19,0.0003478121279413545
1552,57,22,0.001539068666140491
1553,57,23,0.006733425414364653
1554,57,24,0.0022144872894107807
1555,57,25,0.0005826127442803112
1556,57,26,0.002379236585337952
1557,57,27,0.0007995161902028514
1558,57,53,0.0002931559364077131
1559,57,57,0.00034012567207524684
1560,57,63,0.017589356184462748
1561,57,64,0.01101649150500562
1562,57,65,0.010434363838240614
1563,57,66,0.02052091554853992
1564,57,67,0.009747434885556449
1565,57,68,0.010510712841935069
1566,57,69,0.005202485632024185
1567,57,70,0.010706564634020813
1568,57,71,0.0043246557560972475
1569,57,72,0.008269622683739958
1570,57,73,0.015390686661404909
1571,57,74,0.0090431153264752
1572,57,75,0.02052091554853992
1573,57,76,0.02327372129285619
1574,57,77,0.02052091554853992
1575,57,78,0.011598778353522536
1576,57,79,0.015390686661404909
1577,57,80,0.013431871995407926
1578,57,81,0.012825572217837427
1579,57,82,0.008208366219415949
1580,57,83,0.008360373001256981
1581,57,84,0.013901265371591531
1582,57,85,0.019105679993468176
1583,57,86,0.023411185344108926
1584,57,87,0.03314917127071832
1585,57,88,0.013161690662166959
1586,57,89,0.017376581714489414
1587,57,90,0.015921399994556804
1588,57,91,0.019456868075652632
1589,57,92,0.010706564634020813
1590,58,0,0.008627378910397788
1591,58,1,0.021878042212970374
1592,58,2,0.03570128570128569
1593,58,3,0.01305499164171543
1594,58,5,0.02650730911600481
1595,58,6,0.03190123829658724
1596,58,7,0.09728746430874093
1597,58,8,0.07816257816257825
1598,58,9,0.04113071936038449
1599,58,10,0.013717532467532486
1600,58,11,0.02177386105957532
1601,58,12,0.04785185744488077
1602,58,13,0.01235813735813736
1603,58,16,0.008965707495119261
1604,58,19,0.00516667889549246
1605,58,22,0.02286255411255421
1606,58,23,0.1000236742424243
1607,58,24,0.03289576131302745
1608,58,25,0.00865459461673973
1609,58,26,0.035343078821339746
1610,58,27,0.011876651487041109
1611,58,53,0.004354772211915064
1612,58,57,0.005052498146420794
1613,58,63,0.261286332714905
1614,58,64,0.16364775575301918
1615,58,65,0.1550003668647738
1616,58,66,0.30483405483405485
1617,58,67,0.14479617604617614
1618,58,68,0.15613451589061353
1619,58,69,0.07728187305652104
1620,58,70,0.15904385469602866
1621,58,71,0.06424188758899513
1622,58,72,0.12284357433611168
1623,58,73,0.22862554112554204
1624,58,74,0.134333651282804
1625,58,75,0.30483405483405485
1626,58,76,0.34572642804350145
1627,58,77,0.30483405483405485
1628,58,78,0.17229750925403114
1629,58,79,0.22862554112554204
1630,58,80,0.1995277449822913
1631,58,81,0.1905212842712848
1632,58,82,0.12193362193362213
1633,58,83,0.12419165196942986
1634,58,84,0.20650048875855306
1635,58,85,0.28381101656963736
1636,58,86,0.3477684287543443
1637,58,87,0.4924242424242426
1638,58,88,0.19551425585908372
1639,58,89,0.2581256109481922
1640,58,90,0.2365091804746972
1641,58,91,0.28902784458340025
1642,58,92,0.15904385469602866
1643,59,0,0.01643200348227889
1644,59,1,0.04166967390242971
1645,59,2,0.06799790029603707
1646,59,3,0.024864987425004464
1647,59,5,0.05048673533685697
1648,59,6,0.06076019892284518
1649,59,7,0.18529706054484707
1650,59,8,0.14887114265996268
1651,59,9,0.07833898693656795
1652,59,10,0.02612688553682352
1653,59,11,0.041471246883846784
1654,59,12,0.09114029838426786
1655,59,13,0.023537734717858975
1656,59,16,0.017076395775701594
1657,59,19,0.00984063485379415
1658,59,22,0.043544809228039084
1659,59,23,0.19050854037267015
1660,59,24,0.06265440176696263
1661,59,25,0.01648383945540911
1662,59,26,0.06731564711580917
1663,59,27,0.022620680118461862
1664,59,53,0.008294249376769357
1665,59,57,0.009623162260340134
1666,59,63,0.4976549626061617
1667,59,64,0.3116891607901744
1668,59,65,0.2952190456138247
1669,59,66,0.5805974563738538
1670,59,67,0.2757837917775816
1671,59,68,0.2973791849719751
1672,59,69,0.14719372133421665
1673,59,70,0.30292041202114184
1674,59,71,0.12235731518622553
1675,59,72,0.23397210928498666
1676,59,73,0.4354480922803908
1677,59,74,0.255856506198648
1678,59,75,0.5805974563738538
1679,59,76,0.6584824810093721
1680,59,77,0.5805974563738538
1681,59,78,0.32816377968956983
1682,59,79,0.4354480922803908
1683,59,80,0.3800274259901585
1684,59,81,0.3628734102336593
1685,59,82,0.23223898254954264
1686,59,83,0.2365397044486081
1687,59,84,0.3933079543177723
1688,59,85,0.5405562524860016
1689,59,86,0.6623717460039742
1690,59,87,0.9378881987577652
1691,59,88,0.3723831961570244
1692,59,89,0.4916349428972154
1693,59,90,0.4504635437383347
1694,59,91,0.5504924030803957
1695,59,92,0.30292041202114184
1696,60,0,0.01560891938250431
1697,60,1,0.03958242714223575
1698,60,2,0.06459186459186468
1699,60,3,0.02361949257024205
1700,60,5,0.047957839262187066
1701,60,6,0.05771670190274844
1702,60,7,0.17601547388781458
1703,60,8,0.14141414141414144
1704,60,9,0.0744149630274032
1705,60,10,0.02481818181818191
1706,60,11,0.039393939393939405
1707,60,12,0.08657505285412274
1708,60,13,0.022358722358722303
1709,60,16,0.016221033868092705
1710,60,19,0.009347714432460196
1711,60,22,0.041363636363636457
1712,60,23,0.18096590909090926
1713,60,24,0.05951602354480051
1714,60,25,0.01565815887582451
1715,60,26,0.06394378568291616
1716,60,27,0.021487603305785148
1717,60,53,0.007878787878787881
1718,60,57,0.009141135107985945
1719,60,63,0.472727272727274
1720,60,64,0.2960765550239234
1721,60,65,0.2804314329738055
1722,60,66,0.5515151515151521
1723,60,67,0.2619696969696971
1724,60,68,0.2824833702882493
1725,60,69,0.13982074263764407
1726,60,70,0.28774703557312353
1727,60,71,0.11622839969947413
1728,60,72,0.22225237449118065
1729,60,73,0.4136363636363645
1730,60,74,0.24304057524396575
1731,60,75,0.5515151515151521
1732,60,76,0.6254988913525509
1733,60,77,0.5515151515151521
1734,60,78,0.3117259552042167
1735,60,79,0.4136363636363645
1736,60,80,0.3609917355371901
1737,60,81,0.3446969696969707
1738,60,82,0.2206060606060612
1739,60,83,0.2246913580246922
1740,60,84,0.37360703812316703
1741,60,85,0.5134796238244516
1742,60,86,0.6291933418693989
1743,60,87,0.8909090909090922
1744,60,88,0.3537304075235119
1745,60,89,0.4670087976539593
1746,60,90,0.4278996865203769
1747,60,91,0.5229180695847369
1748,60,92,0.28774703557312353
1749,61,0,0.0011680143755615465
1750,61,1,0.0029619503303713914
1751,61,2,0.0048334048334048325
1752,61,3,0.0017674450222630105
1753,61,5,0.0035886818495514104
1754,61,6,0.004318936877076422
1755,61,7,0.013171225937183388
1756,61,8,0.010582010582010595
1757,61,9,0.0055684666210982035
1758,61,10,0.0018571428571428586
1759,61,11,0.0029478458049886696
1760,61,12,0.006478405315614631
1761,61,13,0.0016731016731016748
1762,61,16,0.001213818860877685
1763,61,19,0.0006994888350820563
1764,61,22,0.003095238095238104
1765,61,23,0.013541666666666684
1766,61,24,0.004453579993148338
1767,61,25,0.0011716989634970724
1768,61,26,0.00478490913273522
1769,61,27,0.001607915893630181
1770,61,53,0.0005895691609977321
1771,61,57,0.0006840305182846633
1772,61,63,0.035374149659863886
1773,61,64,0.02215538847117795
1774,61,65,0.020984665052461705
1775,61,66,0.04126984126984126
1776,61,67,0.019603174603174702
1777,61,68,0.02113821138211382
1778,61,69,0.010462776659959771
1779,61,70,0.021532091097308463
1780,61,71,0.008697363242817793
1781,61,72,0.01663113006396591
1782,61,73,0.030952380952381044
1783,61,74,0.018186709712133462
1784,61,75,0.04126984126984126
1785,61,76,0.04680603948896631
1786,61,77,0.04126984126984126
1787,61,78,0.023326432022084304
1788,61,79,0.030952380952381044
1789,61,80,0.027012987012986957
1790,61,81,0.02579365079365084
1791,61,82,0.016507936507936527
1792,61,83,0.016813639035861267
1793,61,84,0.027956989247311825
1794,61,85,0.03842364532019709
1795,61,86,0.04708249496981889
1796,61,87,0.06666666666666674
1797,61,88,0.026469622331691336
1798,61,89,0.03494623655913987
1799,61,90,0.03201970443349751
1800,61,91,0.039129923574367995
1801,61,92,0.021532091097308463
1802,62,0,0.016901855081655325
1803,62,1,0.04286116360419776
1804,62,2,0.06994221111868182
1805,62,3,0.02557596914568821
1806,62,5,0.05193033735233226
1807,62,6,0.06249755716239998
1808,62,7,0.19059538709100704
1809,62,8,0.1531279178338003
1810,62,9,0.0805789875758917
1811,62,10,0.026873949579831927
1812,62,11,0.042657062825130036
1813,62,12,0.09374633574359977
1814,62,13,0.024210765387235902
1815,62,16,0.017564672927994747
1816,62,19,0.010122014907657984
1817,62,22,0.04478991596638654
1818,62,23,0.19595588235294145
1819,62,24,0.06444592225379367
1820,62,25,0.016955173236487032
1821,62,26,0.0692404498031098
1822,62,27,0.023267488813707382
1823,62,53,0.008531412565026025
1824,62,57,0.009898323970472179
1825,62,63,0.5118847539015605
1826,62,64,0.320601503759398
1827,62,65,0.3036604472297391
1828,62,66,0.5971988795518206
1829,62,67,0.2836694677871157
1830,62,68,0.30588235294117644
1831,62,69,0.15140253284412372
1832,62,70,0.31158202411399355
1833,62,71,0.12585596221959866
1834,62,72,0.24066223504327106
1835,62,73,0.4478991596638654
1836,62,74,0.2631723875991083
1837,62,75,0.5971988795518206
1838,62,76,0.6773109243697482
1839,62,77,0.5971988795518206
1840,62,78,0.33754719279016016
1841,62,79,0.4478991596638654
1842,62,80,0.3908938120702832
1843,62,81,0.3732492997198888
1844,62,82,0.2388795518207282
1845,62,83,0.2433032472248153
1846,62,84,0.4045540796963959
1847,62,85,0.5560127499275574
1848,62,86,0.6813113977985571
1849,62,87,0.9647058823529427
1850,62,88,0.3830310055056516
1851,62,89,0.5056925996204945
1852,62,90,0.4633439582729642
1853,62,91,0.5662330117232086
1854,62,92,0.31158202411399355
1855,63,0,0.0008342959825439615
1856,63,1,0.002115678807408123
1857,63,2,0.0034524320238606
1858,63,3,0.0012624607301878644
1859,63,5,0.002563344178251018
1860,63,6,0.003084954912197436
1861,63,7,0.009408018526559573
1862,63,8,0.007558578987150422
1863,63,9,0.003977476157927298
1864,63,10,0.0013265306122448985
1865,63,11,0.0021056041464204704
1866,63,12,0.004627432368296162
1867,63,13,0.0011950726236440526
1868,63,16,0.0008670134720554902
1869,63,19,0.0004996348822014683
1870,63,22,0.0022108843537414977
1871,63,23,0.00967261904761905
1872,63,24,0.00318112856653453
1873,63,25,0.0008369278310693362
1874,63,26,0.0034177922376680122
1875,63,27,0.0011485113525929855
1876,63,53,0.00042112082928409407
1877,63,57,0.0004885932273461873
1878,63,63,0.025267249757045602
1879,63,64,0.015825277479412824
1880,63,65,0.014989046466044053
1881,63,66,0.029478458049886695
1882,63,67,0.014002267573696157
1883,63,68,0.015098722415795603
1884,63,69,0.007473411899971259
1885,63,70,0.015380065069506071
1886,63,71,0.006212402316298421
1887,63,72,0.011879378617118491
1888,63,73,0.022108843537414977
1889,63,74,0.012990506937238177
1890,63,75,0.029478458049886695
1891,63,76,0.03343288534926176
1892,63,77,0.029478458049886695
1893,63,78,0.016661737158631586
1894,63,79,0.022108843537414977
1895,63,80,0.019294990723562187
1896,63,81,0.018424036281179158
1897,63,82,0.01179138321995466
1898,63,83,0.012009742168472332
1899,63,84,0.01996927803379416
1900,63,85,0.027445460942997896
1901,63,86,0.033630353549870665
1902,63,87,0.04761904761904758
1903,63,88,0.018906873094065187
1904,63,89,0.024961597542242798
1905,63,90,0.02287121745249828
1906,63,91,0.02794994541026297
1907,63,92,0.015380065069506071
1908,65,0,0.0002969528073461563
1909,65,1,0.000753038219585946
1910,65,2,0.0012288317373063153
1911,65,3,0.0004493504293889004
1912,65,5,0.0009123767414113774
1913,65,6,0.0010980347992567154
1914,65,7,0.003348616763690699
1915,65,8,0.0026903416733925303
1916,65,9,0.0014157118528215775
1917,65,10,0.0004721549636803874
1918,65,11,0.0007494523233022028
1919,65,12,0.001647052198885074
1920,65,13,0.0004253648321444938
1921,65,16,0.0003085980154773771
1922,65,19,0.00017783614451238717
1923,65,22,0.000786924939467313
1924,65,23,0.003442796610169488
1925,65,24,0.0011322660999529685
1926,65,25,0.00029788956699078036
1927,65,26,0.0012165023218818367
1928,65,27,0.0004087921763466565
1929,65,53,0.00014989046466044054
1930,65,57,0.00017390606397067686
1931,65,63,0.008993427879626441
1932,65,64,0.00563272588250287
1933,65,65,0.005335084335371612
1934,65,66,0.010492332526230832
1935,65,67,0.00498385794995965
1936,65,68,0.005374121537825546
1937,65,69,0.0026600279643965506
1938,65,70,0.005474260448468263
1939,65,71,0.002211194044784179
1940,65,72,0.0042282534060930285
1941,65,73,0.007869249394673131
1942,65,74,0.004623739757322071
1943,65,75,0.010492332526230832
1944,65,76,0.011899840548042304
1945,65,77,0.010492332526230832
1946,65,78,0.0059304488191739575
1947,65,79,0.007869249394673131
1948,65,80,0.006867708562623821
1949,65,81,0.006557707828894269
1950,65,82,0.00419693301049234
1951,65,83,0.004274653992168118
1952,65,84,0.0071077091306725095
1953,65,85,0.00976872338649078
1954,65,86,0.01197012583978448
1955,65,87,0.016949152542372902
1956,65,88,0.006729564999582533
1957,65,89,0.008884636413340636
1958,65,90,0.008140602822075646
1959,65,91,0.009948285654500356
1960,65,92,0.005474260448468263
1961,69,0,0.0037014540070612408
1962,69,1,0.009386462314557205
1963,69,2,0.01531712799318434
1964,69,3,0.005601058169143343
1965,69,5,0.011372583326043226
1966,69,6,0.013686771793552013
1967,69,7,0.04173980050515864
1968,69,8,0.033534540576794065
1969,69,9,0.01764654915136755
1970,69,10,0.005885311871227365
1971,69,11,0.00934176487496407
1972,69,12,0.020530157690328017
1973,69,13,0.005302082766871507
1974,69,16,0.003846609066161683
1975,69,19,0.0022166899703304588
1976,69,22,0.00980885311871228
1977,69,23,0.042913732394366265
1978,69,24,0.014113457724765875
1979,69,25,0.0037131305181245257
1980,69,26,0.015163444434724296
1981,69,27,0.005095508113616779
1982,69,53,0.0018683529749928107
1983,69,57,0.002167702346676752
1984,69,63,0.11210117849956898
1985,69,64,0.07021073811288799
1986,69,65,0.06650069910991377
1987,69,66,0.1307847082494971
1988,69,67,0.06212273641851111
1989,69,68,0.0669872895912059
1990,69,69,0.033156686598464026
1991,69,70,0.06823549995625931
1992,69,71,0.0275620666145634
1993,69,72,0.05270428541397653
1994,69,73,0.09808853118712282
1995,69,74,0.05763393922859194
1996,69,75,0.1307847082494971
1997,69,76,0.1483289983805271
1998,69,77,0.1307847082494971
1999,69,78,0.07392179161928104
2000,69,79,0.09808853118712282
2001,69,80,0.08560453630876168
2002,69,81,0.08174044265593577
2003,69,82,0.05231388329979876
2004,69,83,0.05328265891646178
2005,69,84,0.08859609268514315
2006,69,85,0.12176507319780765
2007,69,86,0.1492050896930883
2008,69,87,0.2112676056338029
2009,69,88,0.08388260598071202
2010,69,89,0.11074511585642896
2011,69,90,0.10147089433150644
2012,69,91,0.12400327893285645
2013,69,92,0.06823549995625931
2014,70,0,0.012949724598617143
2015,70,1,0.03283901453237844
2016,70,2,0.05358774923992328
2017,70,3,0.019595586116394243
2018,70,5,0.03978755963633085
2019,70,6,0.04788386537628205
2020,70,7,0.14602880930355505
2021,70,8,0.11732229123533484
2022,70,9,0.06173734732087135
2023,70,10,0.020590062111801203
2024,70,11,0.032682638272700404
2025,70,12,0.07182579806442306
2026,70,13,0.018549605506127262
2027,70,16,0.013457556935817813
2028,70,19,0.0077552023019967125
2029,70,22,0.0343167701863354
2030,70,23,0.15013586956521746
2031,70,24,0.04937664775012287
2032,70,25,0.012990575464858841
2033,70,26,0.05305007951510786
2034,70,27,0.017826893603291125
2035,70,53,0.0065365276545400796
2036,70,57,0.0075838166157647284
2037,70,63,0.3921916592724041
2038,70,64,0.24563582870218995
2039,70,65,0.2326560690599008
2040,70,66,0.4575569358178059
2041,70,67,0.21733954451345705
2042,70,68,0.23435843054082664
2043,70,69,0.11600034992564098
2044,70,70,0.2387253578179862
2045,70,71,0.09642728812689301
2046,70,72,0.1843886159265785
2047,70,73,0.343167701863354
2048,70,74,0.20163525985191474
2049,70,75,0.4575569358178059
2050,70,76,0.5189365247689744
2051,70,77,0.4575569358178059
2052,70,78,0.2586191376361508
2053,70,79,0.343167701863354
2054,70,80,0.2994918125352904
2055,70,81,0.2859730848861289
2056,70,82,0.1830227743271224
2057,70,83,0.18641208496280887
2058,70,84,0.3099579242636744
2059,70,85,0.4260012850717505
2060,70,86,0.5220015746653839
2061,70,87,0.7391304347826088
2062,70,88,0.2934675519383161
2063,70,89,0.3874474053295935
2064,70,90,0.35500107089312577
2065,70,91,0.4338317613679943
2066,70,92,0.2387253578179862
2067,71,0,0.0023891203136486234
2068,71,1,0.006058534766668749
2069,71,2,0.009886509886509888
2070,71,3,0.003615228454628889
2071,71,5,0.007340485601355164
2072,71,6,0.008834189066747208
2073,71,7,0.02694114396242065
2074,71,8,0.021645021645021745
2075,71,9,0.01139004536133723
2076,71,10,0.003798701298701311
2077,71,11,0.006029684601113184
2078,71,12,0.013251283600120829
2079,71,13,0.0034222534222534203
2080,71,16,0.002482811306340729
2081,71,19,0.0014307726172132966
2082,71,22,0.0063311688311688385
2083,71,23,0.02769886363636361
2084,71,24,0.009109595440530695
2085,71,25,0.002396656970789457
2086,71,26,0.009787314135140241
2087,71,27,0.003288918873334457
2088,71,53,0.001205936920222635
2089,71,57,0.0013991533328549914
2090,71,63,0.07235621521335821
2091,71,64,0.04531784005468222
2092,71,65,0.042923178516398916
2093,71,66,0.08441558441558457
2094,71,67,0.04009740259740265
2095,71,68,0.043237250554323835
2096,71,69,0.02140113407719042
2097,71,70,0.04404291360813095
2098,71,71,0.017790061178490954
2099,71,72,0.034018220585384874
2100,71,73,0.06331168831168839
2101,71,74,0.03720008804754565
2102,71,75,0.08441558441558457
2103,71,76,0.09573962622743118
2104,71,77,0.08441558441558457
2105,71,78,0.04771315640880866
2106,71,79,0.06331168831168839
2107,71,80,0.055253837072018974
2108,71,81,0.052759740259740284
2109,71,82,0.033766233766233826
2110,71,83,0.03439153439153439
2111,71,84,0.0571847507331379
2112,71,85,0.07859381997313031
2113,71,86,0.09630510334735687
2114,71,87,0.13636363636363644
2115,71,88,0.05414240931482319
2116,71,89,0.07148093841642228
2117,71,90,0.06549484997760867
2118,71,91,0.08003848003848013
2119,71,92,0.04404291360813095
2120,76,0,0.0010683058313062917
2121,76,1,0.002709100911925054
2122,76,2,0.004420797103723933
2123,76,3,0.0016165655691429972
2124,76,5,0.0032823309599555642
2125,76,6,0.003950247143667447
2126,76,7,0.012046852991326282
2127,76,8,0.009678668215253598
2128,76,9,0.0050931097144190935
2129,76,10,0.0016986062717770044
2130,76,11,0.002696200431392077
2131,76,12,0.005925370715501181
2132,76,13,0.0015302759205198244
2133,76,16,0.0011102001776320286
2134,76,19,0.0006397763735506619
2135,76,22,0.0028310104529616765
2136,76,23,0.012385670731707326
2137,76,24,0.0040733963351966525
2138,76,25,0.001071675881247321
2139,76,26,0.004376441279940752
2140,76,27,0.0014706547807593119
2141,76,53,0.0005392400862784134
2142,76,57,0.0006256376691628017
2143,76,63,0.03235440517670477
2144,76,64,0.02026407482119932
2145,76,65,0.019193291206519875
2146,76,66,0.03774680603948896
2147,76,67,0.017929732868757278
2148,76,68,0.01933372992266506
2149,76,69,0.009569612798743687
2150,76,70,0.01969398575973346
2151,76,71,0.007954905405016281
2152,76,72,0.0152113994487493
2153,76,73,0.02831010452961677
2154,76,74,0.01663418571231719
2155,76,75,0.03774680603948896
2156,76,76,0.04281040197161561
2157,76,77,0.03774680603948896
2158,76,78,0.021335151239711237
2159,76,79,0.02831010452961677
2160,76,80,0.024707000316756482
2161,76,81,0.02359175377468058
2162,76,82,0.015098722415795603
2163,76,83,0.015378328386458471
2164,76,84,0.025570416994492518
2165,76,85,0.035143578036765565
2166,76,86,0.043063257594346635
2167,76,87,0.060975609756097636
2168,76,88,0.02421002042532749
2169,76,89,0.0319630212431157
2170,76,90,0.029286315030638
2171,76,91,0.03578956424484892
2172,76,92,0.01969398575973346
2173,77,0,0.002920035938903871
2174,77,1,0.007404875825928458
2175,77,2,0.0120835120835121
2176,77,3,0.0044186125556575275
2177,77,5,0.008971704623878553
2178,77,6,0.010797342192691036
2179,77,7,0.032928064842958474
2180,77,8,0.026455026455026398
2181,77,9,0.013921166552745504
2182,77,10,0.0046428571428571465
2183,77,11,0.007369614512471666
2184,77,12,0.016196013289036557
2185,77,13,0.004182754182754182
2186,77,16,0.0030345471521942232
2187,77,19,0.0017487220877051395
2188,77,22,0.007738095238095251
2189,77,23,0.033854166666666755
2190,77,24,0.011133949982870863
2191,77,25,0.0029292474087426854
2192,77,26,0.01196227283183806
2193,77,27,0.004019789734075444
2194,77,53,0.0014739229024943329
2195,77,57,0.0017100762957116555
2196,77,63,0.0884353741496599
2197,77,64,0.055388471177944966
2198,77,65,0.05246166263115426
2199,77,66,0.10317460317460336
2200,77,67,0.04900793650793657
2201,77,68,0.052845528455284535
2202,77,69,0.02615694164989938
2203,77,70,0.05383022774327125
2204,77,71,0.021743408107044573
2205,77,72,0.041577825159914684
2206,77,73,0.07738095238095251
2207,77,74,0.04546677428033357
2208,77,75,0.10317460317460336
2209,77,76,0.11701509872241585
2210,77,77,0.10317460317460336
2211,77,78,0.05831608005521057
2212,77,79,0.07738095238095251
2213,77,80,0.06753246753246765
2214,77,81,0.06448412698412699
2215,77,82,0.04126984126984126
2216,77,83,0.04203409758965322
2217,77,84,0.06989247311827955
2218,77,85,0.09605911330049273
2219,77,86,0.1177062374245473
2220,77,87,0.16666666666666674
2221,77,88,0.06617405582922832
2222,77,89,0.08736559139784959
2223,77,90,0.08004926108374398
2224,77,91,0.0978248089359202
2225,77,92,0.05383022774327125
2226,78,0,0.0005078323372006731
2227,78,1,0.00128780449146582
2228,78,2,0.0021014803623499233
2229,78,3,0.0007684543575056575
2230,78,5,0.001560296456326704
2231,78,6,0.0018777986422071327
2232,78,7,0.005726619972688425
2233,78,8,0.004600874166091565
2234,78,9,0.0024210724439557327
2235,78,10,0.0008074534161490686
2236,78,11,0.001281672089125507
2237,78,12,0.0028166979633107
2238,78,13,0.0007274355100442065
2239,78,16,0.0005277473308163852
2240,78,19,0.00030412558047045966
2241,78,22,0.0013457556935817813
2242,78,23,0.005887681159420288
2243,78,24,0.0019363391274557962
2244,78,25,0.0005094343319552487
2245,78,26,0.002080395275102265
2246,78,27,0.0006990938667957314
2247,78,53,0.0002563344178251018
2248,78,57,0.00029740457316724536
2249,78,63,0.015380065069506071
2250,78,64,0.009632777596164328
2251,78,65,0.009123767414113772
2252,78,66,0.01794340924775709
2253,78,67,0.00852311939268462
2254,78,68,0.009190526687875584
2255,78,69,0.004549033330417293
2256,78,70,0.009361778737960229
2257,78,71,0.0037814622794859892
2258,78,72,0.00723092611476778
2259,78,73,0.013457556935817813
2260,78,74,0.00790726509223193
2261,78,75,0.01794340924775709
2262,78,76,0.02035045195172453
2263,78,77,0.01794340924775709
2264,78,78,0.010141926966123578
2265,78,79,0.013457556935817813
2266,78,80,0.011744776962168278
2267,78,81,0.01121463077984818
2268,78,82,0.007177363699102839
2269,78,83,0.007310277841678822
2270,78,84,0.012155212716222542
2271,78,85,0.01670593274791177
2272,78,86,0.02047064998687783
2273,78,87,0.02898550724637678
2274,78,88,0.011508531448561449
2275,78,89,0.015194015895278178
2276,78,90,0.013921610623259814
2277,78,91,0.017013010249725246
2278,78,92,0.009361778737960229
2279,81,0,0.0021900269541779032
2280,81,1,0.005553656869446349
2281,81,2,0.009062634062634072
2282,81,3,0.0033139594167431547
2283,81,5,0.006728778467908906
2284,81,6,0.00809800664451828
2285,81,7,0.02469604863221881
2286,81,8,0.019841269841269892
2287,81,9,0.01044087491455913
2288,81,10,0.0034821428571428603
2289,81,11,0.005527210884353753
2290,81,12,0.01214700996677741
2291,81,13,0.003137065637065641
2292,81,16,0.002275910364145658
2293,81,19,0.0013115415657788555
2294,81,22,0.005803571428571434
2295,81,23,0.025390625000000017
2296,81,24,0.008350462487153137
2297,81,25,0.0021969355565570046
2298,81,26,0.008971704623878553
2299,81,27,0.0030148423005565824
2300,81,53,0.0011054421768707488
2301,81,57,0.0012825572217837426
2302,81,63,0.06632653061224493
2303,81,64,0.04154135338345872
2304,81,65,0.03934624697336565
2305,81,66,0.07738095238095251
2306,81,67,0.036755952380952465
2307,81,68,0.03963414634146336
2308,81,69,0.019617706237424492
2309,81,70,0.04037267080745344
2310,81,71,0.016307556080283368
2311,81,72,0.03118336886993605
2312,81,73,0.058035714285714336
2313,81,74,0.03410008071025032
2314,81,75,0.07738095238095251
2315,81,76,0.08776132404181193
2316,81,77,0.07738095238095251
2317,81,78,0.04373706004140798
2318,81,79,0.058035714285714336
2319,81,80,0.050649350649350736
2320,81,81,0.048363095238095344
2321,81,82,0.030952380952381044
2322,81,83,0.03152557319223987
2323,81,84,0.052419354838709714
2324,81,85,0.07204433497536959
2325,81,86,0.08827967806841047
2326,81,87,0.1250000000000001
2327,81,88,0.049630541871921265
2328,81,89,0.0655241935483871
2329,81,90,0.060036945812808024
2330,81,91,0.07336860670194015
2331,81,92,0.04037267080745344
2332,82,0,0.015184186882300109
2333,82,1,0.03850535429482805
2334,82,2,0.06283426283426283
2335,82,3,0.02297678528941921
2336,82,5,0.04665286404416843
2337,82,6,0.056146179401993436
2338,82,7,0.17122593718338416
2339,82,8,0.13756613756613773
2340,82,9,0.07239006607427666
2341,82,10,0.024142857142857164
2342,82,11,0.038321995464852585
2343,82,12,0.08421926910299006
2344,82,13,0.021750321750321745
2345,82,16,0.01577964519140991
2346,82,19,0.009093354856066731
2347,82,22,0.04023809523809533
2348,82,23,0.1760416666666669
2349,82,24,0.05789653991092851
2350,82,25,0.01523208652546194
2351,82,26,0.06220381872555784
2352,82,27,0.02090290661719243
2353,82,53,0.007664399092970535
2354,82,57,0.008892396737700606
2355,82,63,0.4598639455782324
2356,82,64,0.28802005012531423
2357,82,65,0.2728006456820025
2358,82,66,0.5365079365079372
2359,82,67,0.25484126984126965
2360,82,68,0.2747967479674804
2361,82,69,0.13601609657947694
2362,82,70,0.27991718426500983
2363,82,71,0.11306572215663133
2364,82,72,0.21620469083155636
2365,82,73,0.4023809523809533
2366,82,74,0.2364272262577348
2367,82,75,0.5365079365079372
2368,82,76,0.6084785133565622
2369,82,77,0.5365079365079372
2370,82,78,0.3032436162870941
2371,82,79,0.4023809523809533
2372,82,80,0.3511688311688313
2373,82,81,0.3353174603174614
2374,82,82,0.2146031746031756
2375,82,83,0.2185773074661969
2376,82,84,0.3634408602150545
2377,82,85,0.4995073891625615
2378,82,86,0.6120724346076457
2379,82,87,0.8666666666666679
2380,82,88,0.34410509031198705
2381,82,89,0.4543010752688167
2382,82,90,0.4162561576354688
2383,82,91,0.5086890064667845
2384,82,92,0.27991718426500983
2385,83,0,0.0004325979168746471
2386,83,1,0.001097018640878291
2387,83,2,0.0017901499382980887
2388,83,3,0.0006546092675048183
2389,83,5,0.0013291414257597851
2390,83,6,0.0015996062507690435
2391,83,7,0.004878231828586447
2392,83,8,0.003919263178522439
2393,83,9,0.0020623950448511816
2394,83,10,0.0006878306878306878
2395,83,11,0.001091794742588395
2396,83,12,0.002399409376153569
2397,83,13,0.0006196672863339536
2398,83,16,0.00044956254106580927
2399,83,19,0.00025906993891927963
2400,83,22,0.0011463844797178142
2401,83,23,0.005015432098765442
2402,83,24,0.0016494740715364226
2403,83,25,0.00043396257907299
2404,83,26,0.0017721885676797112
2405,83,27,0.0005955244050482152
2406,83,53,0.00021835894851767858
2407,83,57,0.0002533446364017272
2408,83,63,0.013101536911060736
2409,83,64,0.00820569943376962
2410,83,65,0.007772098167578408
2411,83,66,0.015285126396237522
2412,83,67,0.007260435038212819
2413,83,68,0.00782896717856068
2414,83,69,0.003875102466651765
2415,83,70,0.0079748485545587
2416,83,71,0.003221245645488077
2417,83,72,0.006159677801468848
2418,83,73,0.011463844797178142
2419,83,74,0.006735818411901286
2420,83,75,0.015285126396237522
2421,83,76,0.017335570181098648
2422,83,77,0.015285126396237522
2423,83,78,0.008639419267438594
2424,83,79,0.011463844797178142
2425,83,80,0.010004810004810018
2426,83,81,0.00955320399764845
2427,83,82,0.0061140505584950135
2428,83,83,0.006227273716985663
2429,83,84,0.010354440461967354
2430,83,85,0.01423097974822115
2431,83,86,0.01743796109993295
2432,83,87,0.02469135802469145
2433,83,88,0.009803563826552349
2434,83,89,0.012943050577459184
2435,83,90,0.011859149790184294
2436,83,91,0.01449256428680299
2437,83,92,0.0079748485545587
2438,84,0,0.008477523693591872
2439,84,1,0.021498026591405203
2440,84,2,0.035081164113422166
2441,84,3,0.012828230000296054
2442,84,5,0.026046884391905396
2443,84,6,0.0313471224949094
2444,84,7,0.09559760760858907
2445,84,8,0.07680491551459301
2446,84,9,0.040416289991841804
2447,84,10,0.01347926267281107
2448,84,11,0.021395655036207974
2449,84,12,0.04702068374236428
2450,84,13,0.012143479885415386
2451,84,16,0.008809975603144494
2452,84,19,0.005076935093337496
2453,84,22,0.02246543778801848
2454,84,23,0.09828629032258077
2455,84,24,0.032324370918012116
2456,84,25,0.008504266670543268
2457,84,26,0.034729179189207315
2458,84,27,0.011670357292477122
2459,84,53,0.004279131007241614
2460,84,57,0.004964737632711261
2461,84,63,0.25674786043449604
2462,84,64,0.16080523890371104
2463,84,65,0.15230805280012508
2464,84,66,0.2995391705069124
2465,84,67,0.1422811059907836
2466,84,68,0.1534225019669553
2467,84,69,0.07593950801583703
2468,84,70,0.15628130635143272
2469,84,71,0.0631260235365807
2470,84,72,0.1207098149803976
2471,84,73,0.2246543778801848
2472,84,74,0.13200031242677512
2473,84,75,0.2995391705069124
2474,84,76,0.3397212543554016
2475,84,77,0.2995391705069124
2476,84,78,0.16930474854738545
2477,84,79,0.2246543778801848
2478,84,80,0.19606200251361489
2479,84,81,0.18721198156682
2480,84,82,0.11981566820276515
2481,84,83,0.12203447687318672
2482,84,84,0.20291363163371506
2483,84,85,0.27888129667884964
2484,84,86,0.3417277860712675
2485,84,87,0.4838709677419358
2486,84,88,0.19211822660098546
2487,84,89,0.2536420395421438
2488,84,90,0.2324010805657081
2489,84,91,0.2840075098139614
2490,84,92,0.15628130635143272
2491,85,0,0.0015103634166744142
2492,85,1,0.003830108185825074
2493,85,2,0.006250092456989018
2494,85,3,0.0022854892529263057
2495,85,5,0.004640536874419943
2496,85,6,0.005584832168633292
2497,85,7,0.017031757677392314
2498,85,8,0.013683634373289559
2499,85,9,0.0072006033893511215
2500,85,10,0.0024014778325123142
2501,85,11,0.0038118695754163733
2502,85,12,0.008377248252949948
2503,85,13,0.0021634935428038976
2504,85,16,0.0015695933545832146
2505,85,19,0.0009045114246750724
2506,85,22,0.004002463054187189
2507,85,23,0.017510775862068992
2508,85,24,0.005758939646312511
2509,85,25,0.0015151279700393178
2510,85,26,0.006187382499226579
2511,85,27,0.0020792015865907574
2512,85,53,0.0007623739150832747
2513,85,57,0.0008845222219198213
2514,85,63,0.04574243490499656
2515,85,64,0.0286492092299716
2516,85,65,0.027135342740252158
2517,85,66,0.05336617405582919
2518,85,67,0.025348932676518863
2519,85,68,0.027333894028595537
2520,85,69,0.013529452577534188
2521,85,70,0.027843221246519556
2522,85,71,0.011246590400195421
2523,85,72,0.021505771634438575
2524,85,73,0.040024630541871886
2525,85,74,0.023517297041551883
2526,85,75,0.05336617405582919
2527,85,76,0.06052505106331864
2528,85,77,0.05336617405582919
2529,85,78,0.03016348968372965
2530,85,79,0.040024630541871886
2531,85,80,0.034930586654724635
2532,85,81,0.03335385878489324
2533,85,82,0.021346469622331683
2534,85,83,0.02174177461533779
2535,85,84,0.03615127919911024
2536,85,85,0.049685748258875534
2537,85,86,0.06088253659890374
2538,85,87,0.08620689655172427
2539,85,88,0.03422795991166986
2540,85,89,0.04518909899888767
2541,85,90,0.041404790215729605
2542,85,91,0.0505990391047862
2543,85,92,0.027843221246519556
2544,86,0,0.004935272009414987
2545,86,1,0.012515283086076284
2546,86,2,0.020422837324245772
2547,86,3,0.007468077558857786
2548,86,5,0.015163444434724296
2549,86,6,0.01824902905806936
2550,86,7,0.05565306734021158
2551,86,8,0.04471272076905887
2552,86,9,0.02352873220182348
2553,86,10,0.00784708249496983
2554,86,11,0.012455686499952105
2555,86,12,0.027373543587104025
2556,86,13,0.0070694436891619965
2557,86,16,0.005128812088215572
2558,86,19,0.002955586627107273
2559,86,22,0.013078470824949708
2560,86,23,0.05721830985915503
2561,86,24,0.0188179436330212
2562,86,25,0.004950840690832702
2563,86,26,0.020217925912965687
2564,86,27,0.006794010818155697
2565,86,53,0.0024911372999904136
2566,86,57,0.002890269795569002
2567,86,63,0.1494682379994252
2568,86,64,0.0936143174838505
2569,86,65,0.08866759881321838
2570,86,66,0.1743796109993295
2571,86,67,0.0828303152246814
2572,86,68,0.0893163861216078
2573,86,69,0.04420891546461877
2574,86,70,0.09098066660834588
2575,86,71,0.036749422152751315
2576,86,72,0.07027238055196865
2577,86,73,0.1307847082494971
2578,86,74,0.07684525230478931
2579,86,75,0.1743796109993295
2580,86,76,0.1977719978407032
2581,86,77,0.1743796109993295
2582,86,78,0.09856238882570796
2583,86,79,0.1307847082494971
2584,86,80,0.11413938174501564
2585,86,81,0.10898725687458097
2586,86,82,0.0697518443997318
2587,86,83,0.07104354522194899
2588,86,84,0.11812812358019095
2589,86,85,0.16235343093041016
2590,86,86,0.19894011959078414
2591,86,87,0.2816901408450705
2592,86,88,0.11184347464094917
2593,86,89,0.14766015447523873
2594,86,90,0.13529452577534187
2595,86,91,0.16533770524380864
2596,86,92,0.09098066660834588
2597,88,0,0.00012082907333395312
2598,88,1,0.000306408654866006
2599,88,2,0.0005000073965591217
2600,88,3,0.00018283914023410448
2601,88,5,0.00037124294995359407
2602,88,6,0.00044678657349066415
2603,88,7,0.0013625406141913848
2604,88,8,0.0010946907498631641
2605,88,9,0.0005760482711480903
2606,88,10,0.00019211822660098547
2607,88,11,0.00030494956603331093
2608,88,12,0.0006701798602359963
2609,88,13,0.00017307948342431124
2610,88,16,0.0001255674683666571
2611,88,19,7.236091397400587e-05
2612,88,22,0.00032019704433497513
2613,88,23,0.0014008620689655179
2614,88,24,0.0004607151717050001
2615,88,25,0.00012121023760314532
2616,88,26,0.0004949905999381259
2617,88,27,0.00016633612692726004
2618,88,53,6.0989913206662025e-05
2619,88,57,7.076177775358572e-05
2620,88,63,0.0036593947923997134
2621,88,64,0.002291936738397728
2622,88,65,0.002170827419220165
2623,88,66,0.004269293924466336
2624,88,67,0.0020279146141215197
2625,88,68,0.002186711522287632
2626,88,69,0.0010823562062027344
2627,88,70,0.00222745769972156
2628,88,71,0.0008997272320156332
2629,88,72,0.0017204617307550935
2630,88,73,0.003201970443349751
2631,88,74,0.00188138376332415
2632,88,75,0.004269293924466336
2633,88,76,0.004842004085065479
2634,88,77,0.004269293924466336
2635,88,78,0.002413079174698365
2636,88,79,0.003201970443349751
2637,88,80,0.002794446932377975
2638,88,81,0.0026683087027914595
2639,88,82,0.001707717569786536
2640,88,83,0.0017393419692270286
2641,88,84,0.00289210233592882
2642,88,85,0.003974859860710035
2643,88,86,0.004870602927912303
2644,88,87,0.006896551724137944
2645,88,88,0.0027382367929335927
2646,88,89,0.0036151279199110064
2647,88,90,0.0033123832172583683
2648,88,91,0.004047923128382903
2649,88,92,0.00222745769972156
2650,89,0,4.709735385328819e-05
2651,89,1,0.00011943348106336226
2652,89,2,0.00019489535618567877
2653,89,3,7.126794444608917e-05
2654,89,5,0.00014470491328836358
2655,89,6,0.0001741506805272748
2656,89,7,0.0005310978200477175
2657,89,8,0.0004266939750810716
2658,89,9,0.0002245349443991218
2659,89,10,7.488479262672819e-05
2660,89,11,0.00011886475020115588
2661,89,12,0.00026122602079091167
2662,89,13,6.746377714119649e-05
2663,89,16,4.894430890635821e-05
2664,89,19,2.820519496298607e-05
2665,89,22,0.0001248079877112136
2666,89,23,0.0005460349462365594
2667,89,24,0.00017957983843340096
2668,89,25,4.724592594746258e-05
2669,89,26,0.00019293988438448488
2670,89,27,6.483531829153958e-05
2671,89,53,2.377295004023125e-05
2672,89,57,2.7581875737284724e-05
2673,89,63,0.0014263770024138696
2674,89,64,0.0008933624383539502
2675,89,65,0.0008461558488895839
2676,89,66,0.001664106502816182
2677,89,67,0.0007904505888376858
2678,89,68,0.0008523472331497507
2679,89,69,0.0004218861556435392
2680,89,70,0.0008682294797301811
2681,89,71,0.0003507001307587814
2682,89,72,0.0006706100832244308
2683,89,73,0.001248079877112136
2684,89,74,0.0007333350690376385
2685,89,75,0.001664106502816182
2686,89,76,0.0018873403019744575
2687,89,77,0.001664106502816182
2688,89,78,0.000940581936374363
2689,89,79,0.001248079877112136
2690,89,80,0.001089233347297865
2691,89,81,0.001040066564260114
2692,89,82,0.000665642601126472
2693,89,83,0.0006779693159621483
2694,89,84,0.0011272979535206394
2695,89,85,0.0015493405371047216
2696,89,86,0.0018984877003959304
2697,89,87,0.002688172043010761
2698,89,88,0.0010673234811165856
2699,89,89,0.0014091224419007984
2700,89,90,0.0012911171142539347
2701,89,91,0.0015778194989664546
2702,89,92,0.0008682294797301811
