,0,1,2,3,4,5,6,7,8,9,10,11,12,13,14,15,16,17,18,19,20,21,22,23,24,25,26,27,28,29,30,31,32,33,34,35,36,37,38,39,40,41,42,43,44,45,46,47,48,49,50,51,52,53,54,55,56,57,58,59,60,61,62,63,64,65,66,67,68,69,70,71,72,73,74,75,76,77,78,79,80,81,82,83,84,85,86,87,88,89,90,91,92
0,0.01785403192733733,0.11047289037527581,0.08468065473284254,0.07996975099959114,0.09154551068231015,0.08776938593844667,0.057215944176443774,0.12885292829261327,0.08087723864520334,0.1774810369963446,0.11355164305786543,0.2643530314574646,0.13203679425333184,0.020459755505921644,0.024956405067662665,0.0,0.0,0.0,0.0,0.08767640989402044,0.12052967698879574,0.0,0.01892527384297755,0.12419710959454036,0.008169182953803275,0.004776094345230938,0.021942346484611734,0.0786504886980886,0.06470179091616259,0.05046739691460689,0.05937340813483158,0.032913519726917466,0.0,0.18463681798026838,0.19365396490488673,0.1974811183615051,0.18719564344684309,0.14557902956136565,0.16822465638202339,0.1563392187028584,0.12616849228651708,0.2814527904853081,0.2298068966647276,0.30445005747398723,0.1892527384297755,0.24491530855618,0.29320846798979316,0.2584915451723768,0.22188252091766802,0.11087534170633322,0.1302384436505983,0.13651017198213392,0.15585519635393308,0.12436608525385255,0.2316227544961434,0.18102435849804588,0.22710328611573086,0.19448071462949318,0.21219246430005181,0.24920236364666107,0.2167804094741063,0.2901875322589898,0.12023115147303391,0.3064091955529701,0.30678864966511066,0.2437831884858134,0.322430591398877,0.2870333199518265,0.3046507496674439,0.3038705940985126,0.23039463808842217,0.29717372150130106,0.2570447641359646,0.3311922922521071,0.25233698457303444,0.30490718969241665,0.32311443146547103,0.277570683030338,0.2797649176787984,0.20952981754725222,0.20645753283248308,0.12353998203054803,0.025233698457303444,0.19158919199063712,0.09767883273794876,0.13704508644914828,0.21857358522875484,0.11646322364909278,0.18533716453122803,0.2004451046809988,0.1305191299515695,0.20000042480973876,0.20570949829323468
1,0.0003018384982931036,0.0018676437607303335,0.0014316027753877671,0.0013519607027044154,0.0015476593512479897,0.0014838205597249331,0.0009672870945299909,0.002178374864277034,0.0013673025991055169,0.0030004768615012,0.001919692849144132,0.0044691262096477275,0.002232200987376906,0.0003458906034493939,0.0004219105162954146,0.0,0.0,0.0,0.0,0.0014822487159116627,0.002037662800767514,0.0,0.00031994880819068996,0.0020996640537513937,0.00013810739921900323,8.074417872320235e-05,0.00037095513993123464,0.0013296573846885795,0.001093842079284408,0.0008531968218418386,0.0010037609668727514,0.0005564327098968507,0.0,0.003121451787226242,0.003273894781486123,0.003338596259381106,0.0031647110375383376,0.002461144678389925,0.0028439894061394666,0.0026430553720100465,0.0021329920546045997,0.004758213044887174,0.003885092670886942,0.005147002566545873,0.0031994880819069,0.004140513988350095,0.004956953366334619,0.004370032502116738,0.003751123958097731,0.0018744475631373718,0.0022017982499144173,0.0023078274689164466,0.0026348725380409667,0.0021025207395388187,0.003915791383826348,0.0030603799044326796,0.003839385698288277,0.0032878717305783512,0.0035873048191077347,0.004212990517790444,0.0036648681665478965,0.004905881725590577,0.0020326159579173186,0.0051801235611825935,0.005186538574880642,0.004121374478388539,0.005450979695100636,0.00485255692422545,0.005150395448923289,0.00513720621601952,0.0038950289692779596,0.005023989550101735,0.004345573364978016,0.005599104143337068,0.004265984109209186,0.0051547307986277695,0.00546254062764592,0.004692582520130109,0.004729678034123239,0.003542290376396914,0.0034903506348075157,0.0020885547201336674,0.00042659841092091864,0.0032389879347699407,0.0016513486874358096,0.002316870680001548,0.0036951834185403537,0.001968915742711937,0.0031332917767639902,0.0033887051190089083,0.002206543504763379,0.003381187405076919,0.003477704436855313
2,0.016955075164629584,0.1049105416406648,0.08041695409914688,0.0759432460193314,0.08693616214645408,0.08335016660641083,0.05433510134153372,0.12236513820941165,0.07680504134404846,0.1685448046030357,0.10783427804704392,0.2510427637074034,0.12538869540353945,0.019429599648116053,0.023699841329020623,0.0,0.0,0.0,0.0,0.0832618719383956,0.11446096552479529,0.0,0.017972379674507277,0.11794374161395439,0.007757861730003164,0.0045356163216422295,0.020837541651602644,0.0746904090369135,0.061444033075238706,0.047926345798686154,0.056383936233748454,0.0312563124774041,0.0,0.17534028950738836,0.18390341992519166,0.18753787486442486,0.17777027721523506,0.13824907441928663,0.15975448599562098,0.14846748426766973,0.11981586449671552,0.26728154387728864,0.21823603890473156,0.2891208904159873,0.17972379674507274,0.23258373696421242,0.27844531890081736,0.24547640531034373,0.21071065825284468,0.1052927294062046,0.12368089238370635,0.12963683699644626,0.1480078326135895,0.11810420928961957,0.21996046765814994,0.171909718625722,0.21566855609408758,0.18468854251151215,0.20150849938084014,0.23665493732891588,0.2058654399079931,0.27557648834244564,0.11417747087334071,0.2909813852063097,0.2913417336709607,0.23150861953602653,0.3061960981582732,0.27258109173002737,0.2893114776871915,0.2885706032244834,0.21879418734182787,0.282210920508793,0.24410247020599493,0.31451664430387866,0.2396317289934308,0.28955500586706223,0.3068455066379303,0.263594901892774,0.2656786560579338,0.19897991782490218,0.19606232372189866,0.11731970065303389,0.023963172899343077,0.18194260905056844,0.0927606692877798,0.13014481833263933,0.20756832863515529,0.1105992595354297,0.17600537336414024,0.1903526234342977,0.12394744603108507,0.18993033335034862,0.1953519529837756
3,0.03187983316875589,0.19725837442026362,0.15120422974994985,0.1427925261246093,0.16346199109412382,0.1567194117513333,0.10216374443382717,0.23007743427323443,0.14441291948239837,0.31690689660960386,0.20275573895328808,0.47202394253675384,0.23576248715498543,0.03653256557716896,0.04456170086885446,0.0,0.0,0.0,0.0,0.15655339542532554,0.21521558883309866,0.0,0.0337926231588813,0.2217640894801587,0.014586743809588978,0.008528106790884869,0.039179852937833395,0.14043687546548128,0.11553033558591896,0.09011366175701675,0.1060160726553139,0.05876977940675009,0.0,0.3296841283793292,0.34578498116064554,0.3526186764405003,0.33425312037589117,0.2599432550683176,0.3003788725233892,0.2791564521820625,0.22528415439254154,0.5025569597987471,0.4103389955007011,0.5436204595124378,0.337926231588813,0.43731629970316993,0.5235476827432314,0.46155777973106143,0.3961893749661951,0.1979769841631424,0.23255138517939822,0.24375006868701207,0.27829219072019834,0.2220658093297907,0.41358135806392043,0.3232337867371257,0.40551147790657616,0.34726121036198515,0.3788869869329117,0.44497118693682136,0.3870791380017309,0.5181535551028462,0.21468254712701074,0.5471186606676015,0.547796206996602,0.4352948067923686,0.5757261723364958,0.5125214512430328,0.5439788118258938,0.5425857802975308,0.41138845584725076,0.5306279669576405,0.4589744339489844,0.5913709052804227,0.4505683087850844,0.5444367064486434,0.5769472246638274,0.49562513966359273,0.49954312495737585,0.3741326135447571,0.36864679809688705,0.22059073450936442,0.04505683087850844,0.34209816037386054,0.174413538884549,0.24470520218500272,0.39028099986313614,0.20795460405465355,0.33093465438352654,0.3579111162526674,0.23305257350952577,0.35711710400002955,0.36731112129218757
4,0.01907198139214797,0.11800902553265895,0.09045731955182723,0.08542505184297407,0.09779047575211115,0.09375675490168953,0.06111904734506938,0.13764289549396969,0.08639444562255054,0.18958827052787847,0.12129780165406094,0.2823864165491358,0.14104395541169928,0.02185545975748844,0.026658857506386944,0.0,0.0,0.0,0.0,0.09365743630539541,0.1287518565043105,0.0,0.02021630027567676,0.13266947055912906,0.008726460550651858,0.005101905432347466,0.02343918872542235,0.08401579335346214,0.0691155564980404,0.05391013406847145,0.06342368713937822,0.03515878308813359,0.0,0.19723219781148138,0.20686446793715857,0.21095269852880102,0.19996557881375956,0.15551000212059107,0.17970044689490436,0.16700421966863518,0.1347753351711793,0.3006526707664762,0.24548364620464766,0.3252187435652356,0.20216300275676757,0.2616227094499355,0.31321028596119016,0.2761250769360739,0.23701869288724528,0.11843893090800553,0.13912292662831302,0.14582249379176748,0.16648717874086766,0.13284997324016196,0.24742337650828344,0.19337330698473415,0.24259560330812138,0.2077476160925902,0.22666760915152734,0.2662022148101538,0.23156853043047954,0.30998327089371097,0.12843296645724092,0.32731152827286225,0.32771686762676133,0.26041335948329486,0.34442585654856833,0.30661388751443186,0.32543312638894395,0.32459975090523296,0.24611148161693475,0.31744603738666105,0.2745796007591932,0.3537852548243439,0.26955067034235725,0.32570705999701594,0.3451563461700914,0.2965057373765931,0.29884965624913534,0.22382332448070763,0.22054145755283772,0.1319675156884458,0.026955067034235725,0.20465884229697476,0.10434219497123523,0.14639389854800516,0.2334840313528866,0.12440800169647272,0.19798031994111118,0.21411887926388903,0.13942276052190938,0.21364386464172005,0.21974239430083442
5,0.0027427933105764533,0.016971197651854012,0.013008912176349733,0.012285208124574879,0.01406351323525349,0.013483412912283181,0.00878969577203339,0.019794797679734726,0.01242461927013268,0.027265202784945704,0.017444165455266326,0.0406107555572337,0.020283913320077025,0.0031430928748227517,0.003833882517640938,0.0,0.0,0.0,0.0,0.01346912963589292,0.01851615327653958,0.0,0.0029073609092110458,0.019079555966697512,0.0012549759320335447,0.0007337188414412736,0.003370853228070782,0.012082538843474478,0.009939695416106138,0.007752962424562788,0.009121132264191516,0.0050562798421061655,0.0,0.02836449667522969,0.029749739536113,0.030337679052637023,0.028757591601978886,0.022364314686238885,0.025843208081875915,0.02401732925000433,0.01938240606140697,0.043237675060061743,0.03530366818327699,0.04677058853948209,0.02907360909211046,0.03762467058978998,0.04504361972017117,0.039710295345321674,0.03408630031488814,0.017033023508509184,0.020007644966613683,0.020971127869719008,0.023942972193502693,0.01910551454624404,0.03558262605303076,0.02780953913158389,0.034888330910532526,0.029876747464820764,0.032597682921457205,0.03828326166166093,0.03330249768732655,0.044579533941236,0.018470292834987773,0.04707155757770265,0.04712985052826324,0.03745075069492193,0.04953281549026223,0.04409497378970085,0.04680141951412906,0.04668156952817732,0.035393958894743144,0.045652774607446135,0.03948803622958294,0.05087881591119337,0.03876481212281394,0.046840814648400224,0.04963786918165199,0.04264129333509536,0.042978378657902404,0.03218863863769379,0.03171666446412045,0.018978605935127603,0.003876481212281394,0.029432542537692143,0.015005733724960262,0.021053303135666158,0.03357797106412757,0.01789145174899108,0.02847208614537711,0.03079301608142878,0.020050764891110618,0.03072470294178591,0.03160174901316359
6,0.0022006132375555288,0.013616426022999121,0.010437383025210833,0.009856736751112405,0.011283516432935901,0.010818087104041108,0.0070521977705849375,0.01588187255699648,0.009968589879525062,0.021875569676293668,0.013995900190853222,0.03258304806336183,0.016274302547503762,0.002521783818171747,0.0030760220199677326,0.0,0.0,0.0,0.0,0.01080662726600716,0.01485598344280499,0.0,0.0023326500318088662,0.01530801583374572,0.0010068992943059838,0.0005886813960400911,0.00270452177601027,0.009694130002322545,0.007974871903620041,0.006220400084823629,0.007318117746851342,0.004056782664015418,0.0,0.022757561285940146,0.02386897706967205,0.024340695984092536,0.023072951401587723,0.017943461783145053,0.02073466694941205,0.01926971765407328,0.015551000212059105,0.0346906927807472,0.02832503610053622,0.03752523964214255,0.02332650031808866,0.03018723570576176,0.036139648380137335,0.03186058580031618,0.02734831071775915,0.01366603048938526,0.016052645380189964,0.016825672360588503,0.01921005908548477,0.01532884306617259,0.028548851135571113,0.022312304652084784,0.02799180038170631,0.023970878779914325,0.02615395490209943,0.03071564017040246,0.026719445818901556,0.03576730048773587,0.014819188437374,0.03776671480071492,0.037813484726164664,0.030047695324995478,0.03974144498637321,0.03537852548243439,0.03754997612180115,0.03745381741214228,0.028397478648107915,0.03662838892923002,0.03168226162606069,0.040821375556655125,0.03110200042411821,0.03758158384580953,0.03982573225039519,0.03421220046652998,0.03448265264413105,0.025825768209312438,0.02544709125609667,0.015227021040974549,0.0031102000424118215,0.0236144818034971,0.012039484035142519,0.01689160367861585,0.026940465156102298,0.014354769426516069,0.022843883070128225,0.02470602453044868,0.01608724159868183,0.024651215150967687,0.025354891650096283
7,0.017448834039624724,0.10796570421073053,0.08275882427082056,0.07815483466484863,0.08946788207108036,0.0857774566121841,0.055917426294425254,0.12592860651575957,0.07904172684616322,0.17345309856805816,0.11097458449201313,0.2583535300343164,0.12904021452559675,0.019995420629191615,0.024390018569673218,0.0,0.0,0.0,0.0,0.08568659066238306,0.1177942516954329,0.0,0.018495764082002254,0.12137845178813944,0.007983783056979363,0.004667700714700864,0.021444364153046024,0.07686551306806111,0.06323338147693063,0.04932203755200588,0.05802592653177161,0.032166546229569035,0.0,0.1804464788488016,0.18925898130420882,0.19299927737741365,0.1829472316806741,0.14227510832309345,0.16440679184001913,0.1527910945904527,0.12330509388001462,0.2750652094246477,0.2245914209957407,0.297540552623513,0.18495764082002256,0.23935694694355772,0.2865540914113013,0.2526250703883228,0.2168468892372674,0.10835902189455823,0.12728267755356346,0.13341206878821255,0.15231805714590035,0.1215435925388716,0.22636606786928065,0.17691600426263007,0.22194916898402678,0.19006696791449706,0.20737674879820686,0.24354670716673693,0.21186057039384343,0.283601715924033,0.11750250122683743,0.29945522799432184,0.2998260703819301,0.23825052037833366,0.3151130176933707,0.2805190885770327,0.29773669010052256,0.2969742401898946,0.2251658236069835,0.290429353353754,0.2512111240988358,0.3236758714350388,0.24661018776002872,0.2979873102100359,0.31578133798540353,0.271271206536032,0.2734156429513369,0.2047745309078816,0.2017719718036601,0.12073623775751434,0.02466101877600287,0.18724106848446692,0.09546200816517263,0.13393484335242997,0.21361304996115213,0.11382008665847503,0.181130931009953,0.19589599592228077,0.1275569936689806,0.195461408076468,0.20104091393480614
8,0.034507621821953334,0.21351797387631616,0.16366768139817817,0.15456261845618996,0.17693582463498317,0.16963746843487773,0.11058489039686463,0.24904224089375773,0.1563165774840618,0.3430288760635901,0.2194684747876235,0.5109318989764787,0.2551959009158421,0.039543869331103404,0.04823482962365349,0.0,0.0,0.0,0.0,0.1694577677267908,0.232955364299712,0.0,0.036578079131270674,0.2400436442989627,0.015789098905584407,0.009231060979500463,0.04240936710871957,0.15201279638969648,0.12505326198725,0.09754154435005491,0.11475475805888817,0.06361405066307936,0.0,0.35685930859776216,0.3742873213432343,0.3816843039784756,0.3618049131462642,0.2813698394713124,0.32513848116684924,0.30216674064962723,0.24385386087513694,0.5439816896445376,0.4441623894511429,0.5884299686334843,0.3657807913127067,0.47336337699291325,0.5667026344281361,0.49960303203686707,0.4288464449873102,0.21429581713269705,0.2517201144517553,0.26384188225834554,0.301231239904582,0.2403702342912072,0.4476720132483869,0.3498772786469365,0.438936949575247,0.3758852330616755,0.4101178569263679,0.48164924073474275,0.41898527004909925,0.5608638800128154,0.23237838506924818,0.592216519268191,0.5929499143384923,0.4711752566061974,0.6231820889031294,0.5547675334909378,0.5888178591863072,0.5873100029527962,0.4452983546415551,0.5743665318133397,0.49680674640979505,0.6401163847972361,0.4877077217502752,0.5893134971149149,0.6245037900460841,0.536478493925302,0.5407194306361737,0.4049715903819248,0.39903359052295156,0.23877357210690506,0.04877077217502752,0.3702966035511345,0.18879008583881648,0.26487574543333897,0.4224510547555202,0.22509587157704988,0.35821291287175416,0.38741298864840384,0.252262614698418,0.3865535276094772,0.3975878166442458
9,0.0008451477952206896,0.005229402530044947,0.004008487771085759,0.0037854899675723547,0.004333446183494363,0.004154697567229821,0.002708403864683969,0.006099449619975697,0.003828447277495428,0.008401335212203367,0.005375139977603579,0.012513553387013628,0.006250162764655326,0.0009684936896583032,0.001181349445627161,0.0,0.0,0.0,0.0,0.0041502964045526764,0.005705455842149055,0.0,0.0008958566629339309,0.005879059350503922,0.0003867007178132069,0.00022608370042496648,0.001038674391807456,0.0037230406771280276,0.0030627578219963453,0.002388951101157148,0.002810530707243706,0.0015580115877111811,0.0,0.008740065004233464,0.009166905388161149,0.0093480695262671,0.008861190905107357,0.006891205099491773,0.007963170337190498,0.007400555041628114,0.005972377752892864,0.013322996525684094,0.01087825947848344,0.014411607186328395,0.008958566629339308,0.011593439167380273,0.013879469425737005,0.012236091005926852,0.01050314708267366,0.005248453176784639,0.00616503509976038,0.006461916912966058,0.007377643106514723,0.0058870580707086895,0.010964215874713771,0.008569063732411503,0.010750279955207158,0.009206040845619396,0.010044453493501639,0.011796373449813245,0.010261630866334113,0.013736468831653552,0.005691324682168491,0.014504345971311288,0.014522308009665879,0.01153984853948791,0.015262743146281708,0.013587159387831216,0.014421107256985161,0.01438417740485461,0.01090608111397828,0.014067170740284868,0.012167605421938454,0.015677491601343765,0.011944755505785741,0.014433246236157733,0.015295113757408564,0.013139231056364309,0.01324309849554506,0.009918413053911368,0.009772981777461052,0.005847953216374261,0.001194475550578574,0.009069166217355838,0.004623776324820292,0.006487237904004318,0.010346513571912994,0.005512964079593422,0.00877321697493918,0.009488374333224964,0.006178321813337448,0.009467324734215365,0.009737572423194892
10,0.001261684922865171,0.007806750919852821,0.00598409960112087,0.00565119573730444,0.006469216088216578,0.006202369939650233,0.004043260055135365,0.009105606932677998,0.005715324864261027,0.012541993281075024,0.00802431610942249,0.01868094755632753,0.009330600127235451,0.0014458227224184651,0.0017635859581148345,0.0,0.0,0.0,0.0,0.006195799632510771,0.008517430507208225,0.0,0.0013373860182370816,0.008776595744680848,0.0005772889287354311,0.00033751066706298575,0.0015505924849125551,0.005557967867998267,0.004572259891408827,0.0035663627152988887,0.004195720841528093,0.002325888727368839,0.0,0.013047668470605674,0.01368488018661202,0.01395533236421309,0.013228492136910266,0.010287584755669855,0.011887875717662949,0.011047971455001977,0.008915906788247214,0.01988933052762843,0.01623968736430736,0.021514470728161705,0.013373860182370816,0.01730734847130336,0.020720065071278763,0.018266735858848006,0.015679698144848566,0.007835190813914216,0.009203516684642286,0.009646718820070751,0.01101376720901126,0.008788536691272249,0.016368007984394195,0.012792388000528608,0.01604863221884498,0.013743303833817588,0.01499493414387029,0.017610300364364007,0.015319148936170267,0.020506585612968538,0.008496334704094402,0.02165291648574324,0.021679731243001148,0.017227345319664116,0.0227850951255206,0.02028368794326245,0.021528652976499422,0.021473521982961576,0.016281221091581914,0.021000276319425283,0.018164496665608116,0.02340425531914893,0.017831813576494375,0.021546774738264076,0.02283341982355991,0.019614994934143905,0.019770054182635152,0.014806773773339155,0.014589665653495423,0.00873015873015873,0.0017831813576494376,0.013538969567338415,0.006902637513481718,0.009684519442406456,0.015445866689498705,0.008230067804535881,0.013097159626873486,0.014164787397457308,0.009223351849910907,0.0141333633532215,0.01453680454605523
11,0.001001337240369183,0.006195834063375258,0.0047492853977149745,0.004485075981987648,0.005134298482711572,0.004922515825119238,0.0032089365516947293,0.007226672168792068,0.004535972114492889,0.009953962921488119,0.006368504848748005,0.014826148854228153,0.007405238196218608,0.001147478351125767,0.0013996713953292276,0.0,0.0,0.0,0.0,0.004917301295643473,0.006759865481911287,0.0,0.001061417474791335,0.006965552178318128,0.0004581658164566911,0.000267865608780147,0.0012306289562798076,0.004411085609522434,0.0036287776915943063,0.0028304465994435637,0.0033299371758159523,0.0018459434344197162,0.0,0.010355292436988623,0.010861016021120634,0.01107566060651827,0.010498803283262114,0.008164749806087196,0.0094348219981452,0.008768231313493633,0.007076116498608896,0.01578518295843523,0.012888640765323348,0.017074976768382377,0.01061417474791335,0.013735990850240761,0.016444496088316492,0.014497409411784068,0.01244420487686392,0.006218405407868421,0.007304378321144668,0.0076561260476751955,0.008741085086516873,0.006975029120057345,0.012990482527296936,0.010152688889308419,0.01273700969749601,0.010907383995093273,0.011900741384024057,0.013976428860606438,0.012158054711246195,0.016275067946800503,0.006743122781027303,0.017184854353764455,0.01720613590714375,0.013672496285447725,0.01808340882977828,0.016098165034335192,0.017086232521031204,0.017042477764255288,0.012921604040937985,0.016666885967797793,0.014416267194927106,0.01857480580884837,0.01415223299721782,0.01710061487163823,0.018121761764730085,0.01556745629693952,0.015690519192567594,0.01175140775661835,0.01157909972499638,0.006928697404887881,0.0014152232997217819,0.010745213942332034,0.005478283740858501,0.007686126541592423,0.012258624356744985,0.006531799844869745,0.010394571132439275,0.011241894759886708,0.00732012051580231,0.011216955042239293,0.011537146465123202
12,0.019438750265073815,0.12027842986982538,0.09219688338936231,0.0870678413014929,0.09967106182426702,0.09555976941902977,0.062294413640166996,0.14028987425346973,0.08805587726913795,0.19323419880726106,0.12363045168586977,0.28781692455969626,0.14375633916961625,0.02227575706051704,0.027171527843048344,0.0,0.0,0.0,0.0,0.09545854084973002,0.131227853744778,0.0,0.02060507528097823,0.13522080653142013,0.008894277099702861,0.005200018998354144,0.023889942354757377,0.0856314816871825,0.07044470181531036,0.054946867415942166,0.06464337343052015,0.03583491353213613,0.0,0.20102512469247055,0.210842630782104,0.21500948119281707,0.2038110707140246,0.1585005790844483,0.18315622471980722,0.17021583927764725,0.13736716853985576,0.3064344528966004,0.2502044855547358,0.3314729501722597,0.20605075280978227,0.26665391540089606,0.3192335606912129,0.2814351745694596,0.24157674467353885,0.1207166026562365,0.14179836752501235,0.14862677251853235,0.16968885525511482,0.1354047804178577,0.25218151836421204,0.19709202442674886,0.2472609033717401,0.21174276255590982,0.23102660163521171,0.27132148817188817,0.23602177140029704,0.3159444876416666,0.13090283119680327,0.3336059807396491,0.3340191150811213,0.26542130870412767,0.3510494307129635,0.3125103084281707,0.3316914557425769,0.330842053807257,0.25084439472495346,0.3235507688748663,0.27985997769686993,0.36058881741712034,0.2747343370797102,0.3319706573046498,0.3517939682118238,0.3022077707876816,0.30459676502315675,0.2281276191822597,0.22478263942885404,0.1345053525286087,0.027473433707971017,0.2085945892642241,0.10634877564375893,0.14920916582777416,0.237974108878904,0.12680046326755864,0.2017876337861317,0.21823655001896394,0.14210396745502232,0.2177524005002155,0.22396820957585048
13,0.0,0.0,0.0,0.0,0.0,0.0,0.0,0.0,0.0,0.0,0.0,0.0,0.0,0.0,0.0,0.0,0.0,0.0,0.0,0.0,0.0,0.0,0.0,0.0,0.0,0.0,0.0,0.0,0.0,0.0,0.0,0.0,0.0,0.0,0.0,0.0,0.0,0.0,0.0,0.0,0.0,0.0,0.0,0.0,0.0,0.0,0.0,0.0,0.0,0.0,0.0,0.0,0.0,0.0,0.0,0.0,0.0,0.0,0.0,0.0,0.0,0.0,0.0,0.0,0.0,0.0,0.0,0.0,0.0,0.0,0.0,0.0,0.0,0.0,0.0,0.0,0.0,0.0,0.0,0.0,0.0,0.0,0.0,0.0,0.0,0.0,0.0,0.0,0.0,0.0,0.0,0.0,0.0
14,0.003466167370508709,0.021447117911683567,0.016439834069013403,0.01552526301457264,0.017772571670924674,0.017039477856181963,0.011107857294327918,0.02501540366120332,0.015701441934783095,0.03445602549745887,0.022044824476435434,0.051321284495405184,0.025633516833064418,0.003972040446204579,0.004845016368447345,0.0,0.0,0.0,0.0,0.01702142756184273,0.023399534360462177,0.0,0.0036741374127392387,0.02411152677110129,0.0015859585954270037,0.0009272271073158955,0.004259869464045485,0.015269142494500674,0.01256115354782645,0.009797699767304633,0.011526705608593675,0.00638980419606824,0.0,0.03584524305111453,0.03759582468849454,0.03833882517640938,0.036342011365138135,0.028262595482609433,0.03265899922434873,0.030351569931324138,0.024494249418261546,0.05464101793304506,0.04461452572611924,0.05910568881363114,0.03674137412739239,0.047547660635448866,0.05692325569032615,0.05018334027156029,0.04307609380452893,0.021525249488775322,0.025284386496270055,0.026501974780414092,0.030257602222558442,0.024144331569429207,0.04496705490218173,0.03514392307837526,0.04408964895287087,0.03775632921378443,0.041194874021621725,0.04837994605594521,0.04208557400046764,0.05633677366200157,0.02334157885740217,0.059486034301492366,0.059559701217036035,0.04732787175731891,0.06259641518000178,0.05572441742654511,0.059144651034338885,0.058993192260883516,0.04472862937247763,0.05769306681160787,0.04990246336705528,0.06429740472293664,0.04898849883652309,0.05919443609413217,0.06272917533945033,0.05388734872017546,0.05431333566658001,0.040677949926755816,0.04008149904806442,0.023983952555381074,0.00489884988365231,0.03719497133884157,0.01896328987220251,0.02660582264397373,0.042433699696425034,0.022610076386087603,0.035981207766135934,0.03891425109191552,0.025338878708546446,0.03882792130005912,0.03993627622542651
15,0.03154212307162933,0.19516877299632052,0.1496024900280221,0.14127989343261102,0.16173040220541515,0.1550592484912555,0.10108150137838406,0.2276401733169503,0.14288312160652603,0.31354983202687525,0.20060790273556223,0.46702368890818696,0.23326500318088658,0.03614556806046163,0.04408964895287087,0.0,0.0,0.0,0.0,0.1548949908127693,0.21293576268020564,0.0,0.03343465045592704,0.21941489361702118,0.014432223218385744,0.008437766676574652,0.03876481212281394,0.13894919669995667,0.11430649728522069,0.08915906788247215,0.10489302103820247,0.05814721818422092,0.0,0.3261917117651415,0.3421220046652998,0.3488833091053252,0.3307123034227563,0.2571896188917461,0.29719689294157337,0.27619928637504976,0.2228976697061807,0.49723326319071004,0.405992184107686,0.5378617682040433,0.3343465045592704,0.43268371178258536,0.5180016267819684,0.4566683964711981,0.39199245362121343,0.19587977034785475,0.2300879171160568,0.24116797050176877,0.27534418022528084,0.21971341728180588,0.4092001996098529,0.31980970001321557,0.40121580547112445,0.34358259584543765,0.3748733535967573,0.44025750910910144,0.38297872340425465,0.5126646403242142,0.2124083676023604,0.541322912143581,0.541993281075028,0.4306836329916029,0.5696273781380163,0.5070921985815605,0.5382163244124841,0.5368380495740392,0.4070305272895472,0.5250069079856307,0.4541124166402029,0.5851063829787232,0.44579533941236005,0.5386693684566026,0.5708354955889983,0.490374873353597,0.4942513545658775,0.3701693443334776,0.36474164133738624,0.2182539682539676,0.044579533941236,0.3384742391834583,0.17256593783704258,0.2421129860601617,0.386146667237467,0.20575169511339736,0.32742899067183784,0.35411968493643137,0.23058379624777234,0.3533340838305382,0.3634201136513814
16,0.03463448807865172,0.21430296642733293,0.16426940081508262,0.15513086337698476,0.17758632399025867,0.17026113559824213,0.11099145249391186,0.24995783736763103,0.15689127078363568,0.3442900116373543,0.22027534418022496,0.5128103250756566,0.2561341211397965,0.03968925120364418,0.04841216355609341,0.0,0.0,0.0,0.0,0.17008077422578594,0.23381181784493207,0.0,0.036712557363370917,0.24092615769712075,0.015847147063325514,0.009264998703689808,0.0425652838995604,0.15257166696465865,0.12551301662690895,0.09790015296898902,0.11517665055175173,0.0638479258493406,0.0,0.35817129134995984,0.3756633776717016,0.3830875550960441,0.3631350782681251,0.2824042874105453,0.3263338432299634,0.303277647784368,0.24475038242247188,0.5459816223270539,0.44579533941236005,0.590593314106401,0.3671255736337091,0.4751036835259754,0.5687860999958863,0.5014398078899432,0.43042308632917553,0.21508366940156687,0.2526455560490038,0.26481188917841214,0.3023387076983481,0.24125394838786557,0.4493178662382709,0.35116359217137283,0.4405506883604499,0.3772671640655789,0.41162564316506667,0.4834200100021504,0.4205256570713393,0.5629258795716872,0.23323271736729717,0.5943937858831467,0.5951298772588545,0.47290751857901486,0.6254731995240963,0.5568071200111251,0.5909826307274336,0.5894692309048277,0.4469354809453839,0.5764781734744189,0.4986332418010072,0.6424697538589901,0.4895007648449451,0.5914800908543089,0.6267997598624294,0.538450841329439,0.5427073697193949,0.40646045652303464,0.4005006257822273,0.2396514161220042,0.04895007648449451,0.3716579881230133,0.1894841670367525,0.2658495533209611,0.424004183633297,0.22592342992843653,0.359529872110252,0.38883730110667025,0.2531900507818681,0.3879746802845122,0.39904953655837905
17,0.04630036414184114,0.2864862722881763,0.2195999853622336,0.2073833298093368,0.23740242525565472,0.2276099060422106,0.14837651578478436,0.3341507131257989,0.20973669226645938,0.46025663416789053,0.29447031594210954,0.6855393598652286,0.34240734411873286,0.053057714584163855,0.06471875075650765,0.0,0.0,0.0,0.0,0.22736879385360687,0.31256625714525627,0.0,0.049078385990351595,0.3220769080616818,0.021184914815979162,0.012385712552770128,0.05690247651055259,0.20396212359626606,0.16778935381316856,0.13087569597427098,0.15397140702855458,0.08535371476582888,0.0,0.4788135218570894,0.5021974380408066,0.5121222885949736,0.4854492527306518,0.3775260460796279,0.4362523199142367,0.40543014513768677,0.32718923993567683,0.7298836890872803,0.5959518298828418,0.7895218615839172,0.4907838599035159,0.6351320539927859,0.7603693604138982,0.6703389305999241,0.5754017667834334,0.2875299381252918,0.3377437315465057,0.3540080300943397,0.40417494344995414,0.322515107936596,0.6006608434640051,0.4694454312120583,0.5889406318842191,0.5043414250942209,0.5502728126190941,0.6462495546555619,0.5621706031622096,0.7525352518520583,0.31179209923282164,0.7946024398437885,0.7955864676330683,0.6321961585197828,0.8361502798356195,0.7443555208536667,0.7900423110641971,0.78801915533804,0.5974760033608028,0.7706523419972574,0.6665870336002981,0.8588717548311529,0.654378479871355,0.7907073298445544,0.8379236632499057,0.7198163278584909,0.7255065755095458,0.5433678448931781,0.5354005744402,0.3203727974370173,0.06543784798713549,0.49684291990232443,0.2533077986598797,0.3553952088956502,0.5668207959449064,0.3020208368637026,0.4806297110779263,0.5198087118332941,0.33847162751966703,0.5186555358980365,0.5334607172864312
18,0.053908355795148265,0.33356117566643867,0.25568425568425535,0.24146018150300733,0.2764119601328906,0.26501035196687345,0.17275747508305694,0.3890577507598784,0.24420024420024466,0.5358851674641141,0.34285714285714225,0.7981859410430838,0.39867109634551523,0.061776061776061764,0.07535321821036098,0.0,0.0,0.0,0.0,0.2647296206618237,0.36392657621707825,0.0,0.05714285714285708,0.3749999999999995,0.024665981500513863,0.014420910319963908,0.06625258799171843,0.2374768089053806,0.19536019536019517,0.1523809523809524,0.17927170868347372,0.09937888198757758,0.0,0.5574912891986059,0.5847176079734211,0.596273291925465,0.565217391304348,0.4395604395604398,0.507936507936508,0.4720496894409931,0.38095238095238104,0.8498168498168489,0.693877551020408,0.9192546583850935,0.5714285714285708,0.7394957983193272,0.8853118712273632,0.7804878048780483,0.6699507389162555,0.33477633477633434,0.3932411674347159,0.41217798594847704,0.4705882352941179,0.3755102040816328,0.6993603411513859,0.5465838509316767,0.6857142857142858,0.5872138910812941,0.6406926406926409,0.7524401064773729,0.6545454545454545,0.8761904761904757,0.3630252100840339,0.9251700680272109,0.9263157894736833,0.736077481840194,0.9735449735449733,0.8666666666666663,0.9198606271776993,0.9175050301810864,0.6956521739130426,0.8972845336481697,0.7761194029850743,1.0,0.7619047619047621,0.9206349206349197,0.9756097560975606,0.8380952380952382,0.84472049689441,0.6326530612244895,0.6233766233766234,0.3730158730158723,0.0761904761904762,0.5784832451499117,0.2949308755760372,0.41379310344827636,0.6599597585513078,0.35164835164835156,0.5596059113300493,0.6052227342549916,0.39408866995073827,0.6038800705467371,0.6211180124223603
19,0.0003564081703008954,0.002205296870014923,0.001690423616135845,0.0015963829766396747,0.0018274621718125938,0.0017520819038559933,0.0011421638573828707,0.0025722053482141204,0.0016144985492262864,0.003542935955105939,0.0022667559631137,0.005277103829471041,0.002635762747806624,0.00040842449785832326,0.0004981881237612519,0.0,0.0,0.0,0.0,0.0017502258848900432,0.0024060538155955503,0.0,0.00037779266051895003,0.0024792643346556015,0.0001630759685693305,9.534199634547626e-05,0.00043802047596399896,0.0015700474203384906,0.0012915988393810236,0.0010074470947171992,0.0011852318761378811,0.0006570307139459991,0.0,0.0036857820538434105,0.0038657853634497213,0.003942184283675995,0.0037368621855678697,0.002906097388607305,0.0033581569823906638,0.0031208958912434946,0.002518617736792991,0.005618454951307459,0.004587482306301525,0.006077534104000494,0.0037779266051895,0.004889081489068762,0.005853125726349927,0.005160094875380769,0.004429293261256646,0.0022133307383938434,0.0025998634702379285,0.002725061813579305,0.0031112336748619403,0.002482637483410241,0.00462373106903789,0.0036136689267029917,0.0045335119262274,0.0038822892185925192,0.0042358571027882284,0.0049746611198768515,0.004327443202307963,0.005792820794623896,0.002400094549179204,0.006116643075068713,0.006124217865254554,0.0048664817287186754,0.006436467549582103,0.005729855351204069,0.006081540388841629,0.006065966661853556,0.0045992149976220005,0.005932281446165323,0.005131213747346929,0.006611371559081622,0.005037235473585995,0.0060866595305830795,0.006450118594225974,0.0055409590209445905,0.005584761068540996,0.004182704455745519,0.004121374478388539,0.002466146533943138,0.0005037235473585996,0.0038245676743893665,0.0019498976026784429,0.0027357399554820442,0.004363239177824483,0.002324877910885841,0.0036997626064614406,0.004001352372163074,0.00260546662426862,0.003992475523508898,0.004106441962162489
20,0.001057277868322769,0.006541970044569408,0.005014608604291233,0.004735638886009306,0.005421130800181496,0.00519751670920411,0.003388206750113427,0.007630396870959226,0.004789378377872373,0.010510050235537728,0.006724287242532806,0.015654425326531433,0.00781893865410792,0.0012115832869428495,0.0014778653280291861,0.0,0.0,0.0,0.0,0.005192010865232491,0.007137511598219183,0.0,0.0011207145404221349,0.007354689171520259,0.0004837616721246623,0.00028283016792987625,0.001299379177301026,0.004657514973182903,0.0038315027022978927,0.0029885721077923615,0.00351596718563807,0.0019490687659515446,0.0,0.010933800394362295,0.011467776692691618,0.011694412595709242,0.011085328606349388,0.008620881080170265,0.009961907025974536,0.009258076638269816,0.007471430269480903,0.016667036754995895,0.013608676562268785,0.018028886085051713,0.011207145404221347,0.014503364640757004,0.017363183020624697,0.015307320552107264,0.013139411853225036,0.006565802358028675,0.007712444149141584,0.008083842586651473,0.009229413862299937,0.007364695551345458,0.01371620780815157,0.010719878212733468,0.013448574485065612,0.011516735056271666,0.012565587271399696,0.014757234942204519,0.012837275644835375,0.017184289619806097,0.007119833550917101,0.018144902083025,0.018167372550000904,0.014436322893573222,0.01909365513311784,0.01699750386306904,0.018040770650697806,0.01799457149410184,0.013643481361660785,0.017597996915719494,0.01522164525050961,0.01961250445738731,0.014942860538961806,0.0180559564845789,0.019134150690134046,0.016437146592858002,0.016567084510588116,0.012407910983245066,0.012225976804605111,0.007315775472200048,0.0014942860538961808,0.011345505224026563,0.005784333111856178,0.008115519085815466,0.012943463706283818,0.006896704864136215,0.010975273430340908,0.011869933573288213,0.007729065796014725,0.01184360057532529,0.01218167978719712
21,0.0,0.0,0.0,0.0,0.0,0.0,0.0,0.0,0.0,0.0,0.0,0.0,0.0,0.0,0.0,0.0,0.0,0.0,0.0,0.0,0.0,0.0,0.0,0.0,0.0,0.0,0.0,0.0,0.0,0.0,0.0,0.0,0.0,0.0,0.0,0.0,0.0,0.0,0.0,0.0,0.0,0.0,0.0,0.0,0.0,0.0,0.0,0.0,0.0,0.0,0.0,0.0,0.0,0.0,0.0,0.0,0.0,0.0,0.0,0.0,0.0,0.0,0.0,0.0,0.0,0.0,0.0,0.0,0.0,0.0,0.0,0.0,0.0,0.0,0.0,0.0,0.0,0.0,0.0,0.0,0.0,0.0,0.0,0.0,0.0,0.0,0.0,0.0,0.0,0.0,0.0,0.0,0.0
22,0.013405402305442474,0.08294672852343626,0.06358105826190932,0.060043954708859745,0.06873542093730117,0.06590018060878376,0.042959638085813205,0.09674707365970378,0.06072532668277346,0.13325867861142204,0.08525835866261396,0.19848506778597902,0.09913762635187671,0.015361866425696225,0.018738100804970084,0.0,0.0,0.0,0.0,0.06583037109542696,0.0904976991390874,0.0,0.014209726443768993,0.09325132978723401,0.0061336948678139555,0.0035860508375442296,0.01647504515219587,0.05905340859748158,0.04858026134621874,0.0378926038500506,0.044579533941236,0.024712567728293878,0.0,0.13863147750018548,0.14540185198275227,0.14827540636976297,0.1405527289546713,0.1093055880289922,0.12630867950016875,0.11738469670939604,0.09473150962512657,0.21132413685605234,0.1725466782457661,0.22859125148671822,0.1420972644376899,0.18389057750759874,0.22015069138233645,0.1940840685002591,0.16659679278901526,0.08324890239783847,0.09778736477432429,0.10249638746325176,0.11702127659574463,0.09337820234476771,0.1739100848341879,0.13591912250561683,0.1705167173252279,0.14602260323431093,0.1593211752786222,0.18710944137136856,0.16276595744680783,0.21788247213779163,0.09027355623100301,0.2300622376610224,0.2303471444568866,0.18304054402143105,0.24209163570865752,0.21551418439716258,0.22874193787530617,0.22815617106896718,0.1729879740980579,0.2231279358938938,0.19299777707208587,0.24867021276595735,0.18946301925025366,0.22893448159405658,0.2426050856253239,0.20840932117527808,0.21005682569049766,0.1573219713417287,0.15501519756838913,0.0927579365079365,0.018946301925025368,0.14385155165297042,0.07334052358074324,0.10289801907556857,0.16411233357592384,0.08744447042319382,0.13915732103553077,0.15050086609798388,0.09799811340530336,0.15016698562797853,0.15445354830183738
23,0.0,0.0,0.0,0.0,0.0,0.0,0.0,0.0,0.0,0.0,0.0,0.0,0.0,0.0,0.0,0.0,0.0,0.0,0.0,0.0,0.0,0.0,0.0,0.0,0.0,0.0,0.0,0.0,0.0,0.0,0.0,0.0,0.0,0.0,0.0,0.0,0.0,0.0,0.0,0.0,0.0,0.0,0.0,0.0,0.0,0.0,0.0,0.0,0.0,0.0,0.0,0.0,0.0,0.0,0.0,0.0,0.0,0.0,0.0,0.0,0.0,0.0,0.0,0.0,0.0,0.0,0.0,0.0,0.0,0.0,0.0,0.0,0.0,0.0,0.0,0.0,0.0,0.0,0.0,0.0,0.0,0.0,0.0,0.0,0.0,0.0,0.0,0.0,0.0,0.0,0.0,0.0,0.0
24,0.0006807652461502725,0.004212275676179583,0.0032288307200292526,0.0030492063330779307,0.0034905842202607425,0.0033466024854227816,0.002181615137662961,0.004913097265833453,0.0030838083799969644,0.00676726256173112,0.004329666965515737,0.010079647962047203,0.005034496471529925,0.0007801201739667985,0.0009515751572562049,0.0,0.0,0.0,0.0,0.0033430573556712862,0.004595735885184291,0.0,0.0007216111609192886,0.004735573243532831,0.00031148683205149165,0.00018211007215628784,0.0008366506213556975,0.0029989035258983416,0.0024670467039975687,0.001924296429118104,0.0022638781519036563,0.0012549759320335447,0.0,0.007040108887017457,0.007383928158243891,0.007529855592201269,0.007137675613440793,0.005550855083994532,0.00641432143039367,0.005961135677159341,0.004810741072795253,0.010731653162389426,0.008762421239734221,0.011608527371310299,0.007216111609192886,0.009338497376602552,0.011179891225510103,0.009856152441824426,0.008460268783191654,0.004227620942759468,0.004965926268691877,0.005205064111548973,0.005942680148747081,0.004742016200326754,0.00883165898438533,0.006902367626184504,0.00865933393103146,0.007415451708894352,0.008090791804246569,0.009501960628253987,0.008265727843257306,0.011064704467429094,0.0045843532576048986,0.01168322831964562,0.011697696713849525,0.009295330208451856,0.012294116074921205,0.010944435940609207,0.01161617966357879,0.011586432724619558,0.008784831524234813,0.01133108434501363,0.009800987409500781,0.012628195316087554,0.00962148214559052,0.011625957592588538,0.012320190552280534,0.010583630360149565,0.010667295422285136,0.007989266424463548,0.007872121755483153,0.004710517300445353,0.000962148214559052,0.007305199406837238,0.003724444701518914,0.005225460130794847,0.008334100731743892,0.004440684067195626,0.007066812748313034,0.007642870897908598,0.004976628695995098,0.007625915478356923,0.007843599575209664
25,0.00019900393105128818,0.001231348725528836,0.0009438642903976144,0.0008913557945275146,0.001020381086469492,0.0009782917885883648,0.0006377381790434323,0.0014362156045233416,0.0009014707987793424,0.00197823237871846,0.0012656650014861968,0.0029465216965816167,0.0014717034901002243,0.0002280477480155305,0.0002781681321947688,0.0,0.0,0.0,0.0,0.0009772554625411315,0.00134344329766692,0.0,0.0002109441669143666,0.0013843210953755217,9.105503607814365e-05,5.323512098785268e-05,0.0002445729471470912,0.000876651083280483,0.0007211766390234737,0.00056251777843831,0.0006617856216921297,0.0003668594207206368,0.0,0.0020579918723352755,0.0021584984521470047,0.0022011565243238154,0.0020865129553486253,0.00162264743780282,0.001875059261461029,0.0017425822484230277,0.0014062944460957684,0.0031371183797521142,0.0025614648839601584,0.0033934496416658925,0.002109441669143666,0.0027298656894800305,0.0032681490648704646,0.002881188621269386,0.0024731385086511903,0.00123583451323568,0.0014516587830666122,0.0015215644826610086,0.001737187256941834,0.0013862045254372651,0.0025817047293996997,0.002017726813963503,0.0025313300029723962,0.0021677135384570276,0.002365131568433796,0.002777649899741961,0.0024162695482918303,0.003234477226020281,0.001340115883926566,0.0034152865119468777,0.003419515968927623,0.0027172468958460696,0.0035938635844669845,0.003199319864867883,0.0033956865893532084,0.0033869908490475695,0.002568015945044454,0.0033123464226222847,0.002865062565553336,0.003691522921001409,0.0028125888921915502,0.003398544911398122,0.0036014857765867426,0.0030938477814107038,0.003118305076125418,0.0023354532765519054,0.0023012090936112635,0.0013769966451354437,0.000281258889219155,0.0021354841588861694,0.0010887440872999544,0.0015275267259316188,0.0024362565756307015,0.0012981179502422535,0.0020657980484027616,0.0022341935958134496,0.0014547873580301113,0.0022292371219592294,0.0022928713795039783
26,0.0,0.0,0.0,0.0,0.0,0.0,0.0,0.0,0.0,0.0,0.0,0.0,0.0,0.0,0.0,0.0,0.0,0.0,0.0,0.0,0.0,0.0,0.0,0.0,0.0,0.0,0.0,0.0,0.0,0.0,0.0,0.0,0.0,0.0,0.0,0.0,0.0,0.0,0.0,0.0,0.0,0.0,0.0,0.0,0.0,0.0,0.0,0.0,0.0,0.0,0.0,0.0,0.0,0.0,0.0,0.0,0.0,0.0,0.0,0.0,0.0,0.0,0.0,0.0,0.0,0.0,0.0,0.0,0.0,0.0,0.0,0.0,0.0,0.0,0.0,0.0,0.0,0.0,0.0,0.0,0.0,0.0,0.0,0.0,0.0,0.0,0.0,0.0,0.0,0.0,0.0,0.0,0.0
27,0.0,0.0,0.0,0.0,0.0,0.0,0.0,0.0,0.0,0.0,0.0,0.0,0.0,0.0,0.0,0.0,0.0,0.0,0.0,0.0,0.0,0.0,0.0,0.0,0.0,0.0,0.0,0.0,0.0,0.0,0.0,0.0,0.0,0.0,0.0,0.0,0.0,0.0,0.0,0.0,0.0,0.0,0.0,0.0,0.0,0.0,0.0,0.0,0.0,0.0,0.0,0.0,0.0,0.0,0.0,0.0,0.0,0.0,0.0,0.0,0.0,0.0,0.0,0.0,0.0,0.0,0.0,0.0,0.0,0.0,0.0,0.0,0.0,0.0,0.0,0.0,0.0,0.0,0.0,0.0,0.0,0.0,0.0,0.0,0.0,0.0,0.0,0.0,0.0,0.0,0.0,0.0,0.0
28,0.0,0.0,0.0,0.0,0.0,0.0,0.0,0.0,0.0,0.0,0.0,0.0,0.0,0.0,0.0,0.0,0.0,0.0,0.0,0.0,0.0,0.0,0.0,0.0,0.0,0.0,0.0,0.0,0.0,0.0,0.0,0.0,0.0,0.0,0.0,0.0,0.0,0.0,0.0,0.0,0.0,0.0,0.0,0.0,0.0,0.0,0.0,0.0,0.0,0.0,0.0,0.0,0.0,0.0,0.0,0.0,0.0,0.0,0.0,0.0,0.0,0.0,0.0,0.0,0.0,0.0,0.0,0.0,0.0,0.0,0.0,0.0,0.0,0.0,0.0,0.0,0.0,0.0,0.0,0.0,0.0,0.0,0.0,0.0,0.0,0.0,0.0,0.0,0.0,0.0,0.0,0.0,0.0
29,0.0,0.0,0.0,0.0,0.0,0.0,0.0,0.0,0.0,0.0,0.0,0.0,0.0,0.0,0.0,0.0,0.0,0.0,0.0,0.0,0.0,0.0,0.0,0.0,0.0,0.0,0.0,0.0,0.0,0.0,0.0,0.0,0.0,0.0,0.0,0.0,0.0,0.0,0.0,0.0,0.0,0.0,0.0,0.0,0.0,0.0,0.0,0.0,0.0,0.0,0.0,0.0,0.0,0.0,0.0,0.0,0.0,0.0,0.0,0.0,0.0,0.0,0.0,0.0,0.0,0.0,0.0,0.0,0.0,0.0,0.0,0.0,0.0,0.0,0.0,0.0,0.0,0.0,0.0,0.0,0.0,0.0,0.0,0.0,0.0,0.0,0.0,0.0,0.0,0.0,0.0,0.0,0.0
30,0.0012369460028089914,0.0076536773724047305,0.0058667643148243905,0.005540387977749453,0.006342368713937823,0.00608075484279434,0.003963980446211134,0.008927065620272555,0.005603259670844145,0.012296071844191203,0.007866976577865184,0.018314654466987726,0.009147647183564174,0.0014174732572730074,0.0017290058412890558,0.0,0.0,0.0,0.0,0.006074313365206647,0.008350422065890413,0.0,0.0013111627629775308,0.00860450563204004,0.0005659695379759127,0.0003308928108460642,0.0015201887106985816,0.005448988105880653,0.004482607736675318,0.003496434034606749,0.0041134518054197,0.002280283066047886,0.0,0.01279183183392714,0.013416549202560723,0.01368169839628729,0.01296910993814731,0.010085867407519463,0.011654780115355834,0.010831344563727436,0.008741085086516873,0.01949934365453766,0.015921262121870013,0.021092618360942852,0.013111627629775309,0.016967988697356273,0.020313789285567384,0.017908564567497925,0.015372253083184819,0.007681559621484529,0.009023055573178713,0.009457567470657598,0.01079781098922673,0.008616212442423768,0.016047066651366838,0.01254155686326334,0.015733953155730316,0.013473827288056373,0.014700915827323897,0.017265000357219725,0.015018773466833574,0.020104495698988818,0.008329739905974909,0.021228349495826727,0.02125463847353046,0.016889554234964806,0.022338328554431994,0.01988596857182584,0.021106522525979762,0.02105247253231524,0.015961981462335215,0.020588506195515006,0.017808330064321747,0.022945348352106737,0.017482170173033745,0.021124288959082495,0.02238570570937244,0.01923038719033717,0.01938240606140697,0.014516444875822694,0.014303593777936701,0.008558979147214435,0.0017482170173033745,0.01327349957582192,0.0067672916798840275,0.009494626904320048,0.015143006558332004,0.008068693926015577,0.012840352575366167,0.013887046468095288,0.009042501813638146,0.01385623858158972,0.014251769162799206
31,0.0054855866211529205,0.033942395303707885,0.026017824352699465,0.02457041624914973,0.028127026470506848,0.026966825824566228,0.01757939154406673,0.03958959535946959,0.024849238540265415,0.05453040556989141,0.034888330910532526,0.0812215111144674,0.04056782664015419,0.006286185749645503,0.007667765035281876,0.0,0.0,0.0,0.0,0.026938259271785975,0.03703230655307929,0.0,0.0058147218184220915,0.038159111933395023,0.0025099518640670894,0.0014674376828825526,0.006741706456141564,0.024165077686948925,0.019879390832212223,0.01550592484912555,0.01824226452838301,0.010112559684212331,0.0,0.05672899335045952,0.05949947907222613,0.060675358105274045,0.05751518320395763,0.04472862937247763,0.05168641616375197,0.04803465850000866,0.03876481212281394,0.08647535012012349,0.07060733636655397,0.09354117707896406,0.05814721818422092,0.0752493411795801,0.09008723944034235,0.07942059069064321,0.06817260062977629,0.03406604701701837,0.040015289933227366,0.041942255739438015,0.04788594438700551,0.03821102909248808,0.07116525210606138,0.05561907826316792,0.06977666182106518,0.059753494929641396,0.06519536584291441,0.07656652332332199,0.0666049953746531,0.08915906788247215,0.036940585669975684,0.0941431151554053,0.0942597010565266,0.07490150138984386,0.0990656309805246,0.0881899475794017,0.09360283902825813,0.09336313905635477,0.07078791778948629,0.0913055492148924,0.07897607245916574,0.10175763182238659,0.07752962424562788,0.09368162929680045,0.09927573836330399,0.08528258667019072,0.08595675731580481,0.06437727727538745,0.06343332892824104,0.03795721187025534,0.007752962424562788,0.05886508507538416,0.030011467449920524,0.04210660627133245,0.06715594212825514,0.03578290349798216,0.056944172290754345,0.06158603216285769,0.040101529782221375,0.06144940588357182,0.06320349802632703
32,0.0,0.0,0.0,0.0,0.0,0.0,0.0,0.0,0.0,0.0,0.0,0.0,0.0,0.0,0.0,0.0,0.0,0.0,0.0,0.0,0.0,0.0,0.0,0.0,0.0,0.0,0.0,0.0,0.0,0.0,0.0,0.0,0.0,0.0,0.0,0.0,0.0,0.0,0.0,0.0,0.0,0.0,0.0,0.0,0.0,0.0,0.0,0.0,0.0,0.0,0.0,0.0,0.0,0.0,0.0,0.0,0.0,0.0,0.0,0.0,0.0,0.0,0.0,0.0,0.0,0.0,0.0,0.0,0.0,0.0,0.0,0.0,0.0,0.0,0.0,0.0,0.0,0.0,0.0,0.0,0.0,0.0,0.0,0.0,0.0,0.0,0.0,0.0,0.0,0.0,0.0,0.0,0.0
33,0.0,0.0,0.0,0.0,0.0,0.0,0.0,0.0,0.0,0.0,0.0,0.0,0.0,0.0,0.0,0.0,0.0,0.0,0.0,0.0,0.0,0.0,0.0,0.0,0.0,0.0,0.0,0.0,0.0,0.0,0.0,0.0,0.0,0.0,0.0,0.0,0.0,0.0,0.0,0.0,0.0,0.0,0.0,0.0,0.0,0.0,0.0,0.0,0.0,0.0,0.0,0.0,0.0,0.0,0.0,0.0,0.0,0.0,0.0,0.0,0.0,0.0,0.0,0.0,0.0,0.0,0.0,0.0,0.0,0.0,0.0,0.0,0.0,0.0,0.0,0.0,0.0,0.0,0.0,0.0,0.0,0.0,0.0,0.0,0.0,0.0,0.0,0.0,0.0,0.0,0.0,0.0,0.0
34,0.0,0.0,0.0,0.0,0.0,0.0,0.0,0.0,0.0,0.0,0.0,0.0,0.0,0.0,0.0,0.0,0.0,0.0,0.0,0.0,0.0,0.0,0.0,0.0,0.0,0.0,0.0,0.0,0.0,0.0,0.0,0.0,0.0,0.0,0.0,0.0,0.0,0.0,0.0,0.0,0.0,0.0,0.0,0.0,0.0,0.0,0.0,0.0,0.0,0.0,0.0,0.0,0.0,0.0,0.0,0.0,0.0,0.0,0.0,0.0,0.0,0.0,0.0,0.0,0.0,0.0,0.0,0.0,0.0,0.0,0.0,0.0,0.0,0.0,0.0,0.0,0.0,0.0,0.0,0.0,0.0,0.0,0.0,0.0,0.0,0.0,0.0,0.0,0.0,0.0,0.0,0.0,0.0
35,0.0054855866211529205,0.033942395303707885,0.026017824352699465,0.02457041624914973,0.028127026470506848,0.026966825824566228,0.01757939154406673,0.03958959535946959,0.024849238540265415,0.05453040556989141,0.034888330910532526,0.0812215111144674,0.04056782664015419,0.006286185749645503,0.007667765035281876,0.0,0.0,0.0,0.0,0.026938259271785975,0.03703230655307929,0.0,0.0058147218184220915,0.038159111933395023,0.0025099518640670894,0.0014674376828825526,0.006741706456141564,0.024165077686948925,0.019879390832212223,0.01550592484912555,0.01824226452838301,0.010112559684212331,0.0,0.05672899335045952,0.05949947907222613,0.060675358105274045,0.05751518320395763,0.04472862937247763,0.05168641616375197,0.04803465850000866,0.03876481212281394,0.08647535012012349,0.07060733636655397,0.09354117707896406,0.05814721818422092,0.0752493411795801,0.09008723944034235,0.07942059069064321,0.06817260062977629,0.03406604701701837,0.040015289933227366,0.041942255739438015,0.04788594438700551,0.03821102909248808,0.07116525210606138,0.05561907826316792,0.06977666182106518,0.059753494929641396,0.06519536584291441,0.07656652332332199,0.0666049953746531,0.08915906788247215,0.036940585669975684,0.0941431151554053,0.0942597010565266,0.07490150138984386,0.0990656309805246,0.0881899475794017,0.09360283902825813,0.09336313905635477,0.07078791778948629,0.0913055492148924,0.07897607245916574,0.10175763182238659,0.07752962424562788,0.09368162929680045,0.09927573836330399,0.08528258667019072,0.08595675731580481,0.06437727727538745,0.06343332892824104,0.03795721187025534,0.007752962424562788,0.05886508507538416,0.030011467449920524,0.04210660627133245,0.06715594212825514,0.03578290349798216,0.056944172290754345,0.06158603216285769,0.040101529782221375,0.06144940588357182,0.06320349802632703
36,0.010628324078483775,0.06576339090093408,0.050409534683355246,0.04760518148272762,0.054496113786607,0.05224822503509712,0.034060071116629446,0.07670484100897224,0.04814539967176408,0.10565266079166466,0.06759614113915688,0.15736667778428104,0.0786001641152986,0.012179484889938173,0.014856294755858682,0.0,0.0,0.0,0.0,0.052192877339085376,0.07175009394659113,0.0,0.011266023523192807,0.07393327937095281,0.004863031736629994,0.0028431605105849293,0.013062056258774267,0.04681983801846363,0.03851631973741131,0.03004272939518078,0.035344387523742186,0.019593084388161354,0.0,0.1099124246165152,0.11528024070243809,0.11755850632896839,0.11143566745766798,0.0866617194091754,0.1001424313172694,0.0930671508437667,0.07510682348795208,0.16754599085773927,0.13680171421019777,0.18123603059049306,0.11266023523192804,0.14579559853543606,0.1745440264156633,0.15387739446312068,0.13208441372019153,0.066002966095473,0.07752962424562788,0.08126312049516127,0.09277901724982317,0.07403386886669565,0.13788267595549417,0.10776196413488773,0.1351922822783135,0.11577239642618017,0.12631602132064665,0.14834763893893624,0.12904717853839037,0.17274569402229017,0.07157238473557781,0.18240228561359834,0.18262817079702084,0.1451216589428223,0.19193966002476695,0.1708680234350905,0.1813555006172505,0.18089108192168737,0.13715159071713026,0.17690450160385365,0.15301614038963327,0.19715541165587472,0.1502136469759039,0.1815081567625502,0.1923467430789022,0.1652350116734943,0.16654121729937257,0.12473097472106318,0.12290207479846695,0.07354209799861977,0.01502136469759039,0.11405110233355686,0.05814721818422092,0.08158154965070652,0.13011463787349437,0.0693293755273403,0.11032933381333648,0.11932293731553668,0.07769671395305383,0.11905822389942033,0.12245677742600873
37,0.0028307033525821106,0.01751514629454161,0.01342586448969422,0.012678964795234325,0.014514266864588517,0.013915573582548664,0.009071416790367803,0.020429246323316077,0.0128228442467395,0.028139087489591392,0.018003273322422304,0.04191238233791418,0.020934038747002583,0.0032438330310670784,0.003956763367565324,0.0,0.0,0.0,0.0,0.01390083250883833,0.019109619727710813,0.0,0.003000545553737037,0.019691080196399348,0.0012951995195987225,0.0007572354709746484,0.0034788933956371526,0.012469799703842247,0.010258275397391594,0.008001454809965442,0.009413476247018167,0.005218340093455722,0.0,0.029273615158410177,0.030703256828937153,0.03131004056073436,0.029679309281529374,0.023081119644131058,0.026671516033218094,0.02478711544391469,0.02000363702491367,0.04462349797865342,0.03643519600966402,0.04826964586446539,0.030005455537370374,0.03883058951894998,0.04648732548043309,0.04098306122177422,0.03517880994036526,0.01757895374916645,0.02064891563862044,0.02164327940400484,0.02471037514842271,0.0197178707817005,0.036723094836781725,0.028700870514006518,0.03600654664484447,0.0308343355245906,0.033642480450991136,0.039510289279021955,0.034369885433715205,0.046008365157301306,0.019062289400211836,0.04858026134621874,0.04864042266057943,0.03865109526847712,0.0511204057303348,0.045508274231678504,0.04830146501137684,0.048177773679721564,0.03652838065419004,0.04711600456281311,0.040753678416428483,0.052509547190398215,0.04000727404982721,0.04834212281020783,0.05122882652721775,0.04400800145480994,0.044355890794373694,0.03322032577351726,0.03273322422258595,0.01958689458689462,0.004000727404982721,0.03037589326005396,0.015486686728965332,0.021728088492578547,0.034654188085413776,0.018464895715304845,0.029384653009011066,0.03177997172506433,0.020693417611979566,0.031709469061714866,0.03261462558409835
38,0.0,0.0,0.0,0.0,0.0,0.0,0.0,0.0,0.0,0.0,0.0,0.0,0.0,0.0,0.0,0.0,0.0,0.0,0.0,0.0,0.0,0.0,0.0,0.0,0.0,0.0,0.0,0.0,0.0,0.0,0.0,0.0,0.0,0.0,0.0,0.0,0.0,0.0,0.0,0.0,0.0,0.0,0.0,0.0,0.0,0.0,0.0,0.0,0.0,0.0,0.0,0.0,0.0,0.0,0.0,0.0,0.0,0.0,0.0,0.0,0.0,0.0,0.0,0.0,0.0,0.0,0.0,0.0,0.0,0.0,0.0,0.0,0.0,0.0,0.0,0.0,0.0,0.0,0.0,0.0,0.0,0.0,0.0,0.0,0.0,0.0,0.0,0.0,0.0,0.0,0.0,0.0,0.0
39,0.0,0.0,0.0,0.0,0.0,0.0,0.0,0.0,0.0,0.0,0.0,0.0,0.0,0.0,0.0,0.0,0.0,0.0,0.0,0.0,0.0,0.0,0.0,0.0,0.0,0.0,0.0,0.0,0.0,0.0,0.0,0.0,0.0,0.0,0.0,0.0,0.0,0.0,0.0,0.0,0.0,0.0,0.0,0.0,0.0,0.0,0.0,0.0,0.0,0.0,0.0,0.0,0.0,0.0,0.0,0.0,0.0,0.0,0.0,0.0,0.0,0.0,0.0,0.0,0.0,0.0,0.0,0.0,0.0,0.0,0.0,0.0,0.0,0.0,0.0,0.0,0.0,0.0,0.0,0.0,0.0,0.0,0.0,0.0,0.0,0.0,0.0,0.0,0.0,0.0,0.0,0.0,0.0
40,0.0,0.0,0.0,0.0,0.0,0.0,0.0,0.0,0.0,0.0,0.0,0.0,0.0,0.0,0.0,0.0,0.0,0.0,0.0,0.0,0.0,0.0,0.0,0.0,0.0,0.0,0.0,0.0,0.0,0.0,0.0,0.0,0.0,0.0,0.0,0.0,0.0,0.0,0.0,0.0,0.0,0.0,0.0,0.0,0.0,0.0,0.0,0.0,0.0,0.0,0.0,0.0,0.0,0.0,0.0,0.0,0.0,0.0,0.0,0.0,0.0,0.0,0.0,0.0,0.0,0.0,0.0,0.0,0.0,0.0,0.0,0.0,0.0,0.0,0.0,0.0,0.0,0.0,0.0,0.0,0.0,0.0,0.0,0.0,0.0,0.0,0.0,0.0,0.0,0.0,0.0,0.0,0.0
41,0.0,0.0,0.0,0.0,0.0,0.0,0.0,0.0,0.0,0.0,0.0,0.0,0.0,0.0,0.0,0.0,0.0,0.0,0.0,0.0,0.0,0.0,0.0,0.0,0.0,0.0,0.0,0.0,0.0,0.0,0.0,0.0,0.0,0.0,0.0,0.0,0.0,0.0,0.0,0.0,0.0,0.0,0.0,0.0,0.0,0.0,0.0,0.0,0.0,0.0,0.0,0.0,0.0,0.0,0.0,0.0,0.0,0.0,0.0,0.0,0.0,0.0,0.0,0.0,0.0,0.0,0.0,0.0,0.0,0.0,0.0,0.0,0.0,0.0,0.0,0.0,0.0,0.0,0.0,0.0,0.0,0.0,0.0,0.0,0.0,0.0,0.0,0.0,0.0,0.0,0.0,0.0,0.0
42,0.0,0.0,0.0,0.0,0.0,0.0,0.0,0.0,0.0,0.0,0.0,0.0,0.0,0.0,0.0,0.0,0.0,0.0,0.0,0.0,0.0,0.0,0.0,0.0,0.0,0.0,0.0,0.0,0.0,0.0,0.0,0.0,0.0,0.0,0.0,0.0,0.0,0.0,0.0,0.0,0.0,0.0,0.0,0.0,0.0,0.0,0.0,0.0,0.0,0.0,0.0,0.0,0.0,0.0,0.0,0.0,0.0,0.0,0.0,0.0,0.0,0.0,0.0,0.0,0.0,0.0,0.0,0.0,0.0,0.0,0.0,0.0,0.0,0.0,0.0,0.0,0.0,0.0,0.0,0.0,0.0,0.0,0.0,0.0,0.0,0.0,0.0,0.0,0.0,0.0,0.0,0.0,0.0
43,0.0,0.0,0.0,0.0,0.0,0.0,0.0,0.0,0.0,0.0,0.0,0.0,0.0,0.0,0.0,0.0,0.0,0.0,0.0,0.0,0.0,0.0,0.0,0.0,0.0,0.0,0.0,0.0,0.0,0.0,0.0,0.0,0.0,0.0,0.0,0.0,0.0,0.0,0.0,0.0,0.0,0.0,0.0,0.0,0.0,0.0,0.0,0.0,0.0,0.0,0.0,0.0,0.0,0.0,0.0,0.0,0.0,0.0,0.0,0.0,0.0,0.0,0.0,0.0,0.0,0.0,0.0,0.0,0.0,0.0,0.0,0.0,0.0,0.0,0.0,0.0,0.0,0.0,0.0,0.0,0.0,0.0,0.0,0.0,0.0,0.0,0.0,0.0,0.0,0.0,0.0,0.0,0.0
44,0.0,0.0,0.0,0.0,0.0,0.0,0.0,0.0,0.0,0.0,0.0,0.0,0.0,0.0,0.0,0.0,0.0,0.0,0.0,0.0,0.0,0.0,0.0,0.0,0.0,0.0,0.0,0.0,0.0,0.0,0.0,0.0,0.0,0.0,0.0,0.0,0.0,0.0,0.0,0.0,0.0,0.0,0.0,0.0,0.0,0.0,0.0,0.0,0.0,0.0,0.0,0.0,0.0,0.0,0.0,0.0,0.0,0.0,0.0,0.0,0.0,0.0,0.0,0.0,0.0,0.0,0.0,0.0,0.0,0.0,0.0,0.0,0.0,0.0,0.0,0.0,0.0,0.0,0.0,0.0,0.0,0.0,0.0,0.0,0.0,0.0,0.0,0.0,0.0,0.0,0.0,0.0,0.0
45,0.0,0.0,0.0,0.0,0.0,0.0,0.0,0.0,0.0,0.0,0.0,0.0,0.0,0.0,0.0,0.0,0.0,0.0,0.0,0.0,0.0,0.0,0.0,0.0,0.0,0.0,0.0,0.0,0.0,0.0,0.0,0.0,0.0,0.0,0.0,0.0,0.0,0.0,0.0,0.0,0.0,0.0,0.0,0.0,0.0,0.0,0.0,0.0,0.0,0.0,0.0,0.0,0.0,0.0,0.0,0.0,0.0,0.0,0.0,0.0,0.0,0.0,0.0,0.0,0.0,0.0,0.0,0.0,0.0,0.0,0.0,0.0,0.0,0.0,0.0,0.0,0.0,0.0,0.0,0.0,0.0,0.0,0.0,0.0,0.0,0.0,0.0,0.0,0.0,0.0,0.0,0.0,0.0
46,0.0,0.0,0.0,0.0,0.0,0.0,0.0,0.0,0.0,0.0,0.0,0.0,0.0,0.0,0.0,0.0,0.0,0.0,0.0,0.0,0.0,0.0,0.0,0.0,0.0,0.0,0.0,0.0,0.0,0.0,0.0,0.0,0.0,0.0,0.0,0.0,0.0,0.0,0.0,0.0,0.0,0.0,0.0,0.0,0.0,0.0,0.0,0.0,0.0,0.0,0.0,0.0,0.0,0.0,0.0,0.0,0.0,0.0,0.0,0.0,0.0,0.0,0.0,0.0,0.0,0.0,0.0,0.0,0.0,0.0,0.0,0.0,0.0,0.0,0.0,0.0,0.0,0.0,0.0,0.0,0.0,0.0,0.0,0.0,0.0,0.0,0.0,0.0,0.0,0.0,0.0,0.0,0.0
47,0.0010257600998903828,0.006346951967360023,0.004865121626927536,0.004594468079109301,0.005259525274972823,0.005042577186707508,0.003287203296858023,0.007402932465591875,0.0046466055807000296,0.010196742504939038,0.00652383423530283,0.015187762240916699,0.007585853761980042,0.0011754656279824934,0.0014338097220445757,0.0,0.0,0.0,0.0,0.005037235473585995,0.006924740249762782,0.0,0.0010873057058838065,0.007135443694862482,0.00046934059246782995,0.0002743989163113701,0.0012606442966768764,0.004518673063413222,0.0037172844645600267,0.0028994818823568137,0.003411155155713899,0.0018909664450153171,0.0,0.010607860545207865,0.011125918850904063,0.011345798670091889,0.010754871656024607,0.008363890045260043,0.009664939607856058,0.008982090613822746,0.007248704705892047,0.016170187420836053,0.0132029978571605,0.01749143961639164,0.010873057058838065,0.014071015017319886,0.016845581358763205,0.014851004763290973,0.01274772206898256,0.00637007383245058,0.00748253388995308,0.007842860829325815,0.00895428228374899,0.007145151781522159,0.013307323564548081,0.010400315447584239,0.013047668470605674,0.011173417751071162,0.012191003369000258,0.014317317369401636,0.012454592631032683,0.016672020823551677,0.006907589190320648,0.01760399714288071,0.017625797758537464,0.014005971804604896,0.018524467581724043,0.016490803205904445,0.017502969899592966,0.017458147953627347,0.013236765115107206,0.017073395381646556,0.014767883467974025,0.019027849852966655,0.014497409411784068,0.01751770303923908,0.018563755954113817,0.015947150352962475,0.016073214782630244,0.01203802745799928,0.011861516791459706,0.00709769002451929,0.0014497409411784068,0.011007292331169396,0.0056119004174648,0.007873593042606875,0.012557615194714383,0.006691112036208043,0.010648097257620726,0.011516087315005906,0.007498660040577972,0.011490539311562199,0.011818540281345715
48,0.0,0.0,0.0,0.0,0.0,0.0,0.0,0.0,0.0,0.0,0.0,0.0,0.0,0.0,0.0,0.0,0.0,0.0,0.0,0.0,0.0,0.0,0.0,0.0,0.0,0.0,0.0,0.0,0.0,0.0,0.0,0.0,0.0,0.0,0.0,0.0,0.0,0.0,0.0,0.0,0.0,0.0,0.0,0.0,0.0,0.0,0.0,0.0,0.0,0.0,0.0,0.0,0.0,0.0,0.0,0.0,0.0,0.0,0.0,0.0,0.0,0.0,0.0,0.0,0.0,0.0,0.0,0.0,0.0,0.0,0.0,0.0,0.0,0.0,0.0,0.0,0.0,0.0,0.0,0.0,0.0,0.0,0.0,0.0,0.0,0.0,0.0,0.0,0.0,0.0,0.0,0.0,0.0
49,0.0,0.0,0.0,0.0,0.0,0.0,0.0,0.0,0.0,0.0,0.0,0.0,0.0,0.0,0.0,0.0,0.0,0.0,0.0,0.0,0.0,0.0,0.0,0.0,0.0,0.0,0.0,0.0,0.0,0.0,0.0,0.0,0.0,0.0,0.0,0.0,0.0,0.0,0.0,0.0,0.0,0.0,0.0,0.0,0.0,0.0,0.0,0.0,0.0,0.0,0.0,0.0,0.0,0.0,0.0,0.0,0.0,0.0,0.0,0.0,0.0,0.0,0.0,0.0,0.0,0.0,0.0,0.0,0.0,0.0,0.0,0.0,0.0,0.0,0.0,0.0,0.0,0.0,0.0,0.0,0.0,0.0,0.0,0.0,0.0,0.0,0.0,0.0,0.0,0.0,0.0,0.0,0.0
50,0.0,0.0,0.0,0.0,0.0,0.0,0.0,0.0,0.0,0.0,0.0,0.0,0.0,0.0,0.0,0.0,0.0,0.0,0.0,0.0,0.0,0.0,0.0,0.0,0.0,0.0,0.0,0.0,0.0,0.0,0.0,0.0,0.0,0.0,0.0,0.0,0.0,0.0,0.0,0.0,0.0,0.0,0.0,0.0,0.0,0.0,0.0,0.0,0.0,0.0,0.0,0.0,0.0,0.0,0.0,0.0,0.0,0.0,0.0,0.0,0.0,0.0,0.0,0.0,0.0,0.0,0.0,0.0,0.0,0.0,0.0,0.0,0.0,0.0,0.0,0.0,0.0,0.0,0.0,0.0,0.0,0.0,0.0,0.0,0.0,0.0,0.0,0.0,0.0,0.0,0.0,0.0,0.0
51,0.0,0.0,0.0,0.0,0.0,0.0,0.0,0.0,0.0,0.0,0.0,0.0,0.0,0.0,0.0,0.0,0.0,0.0,0.0,0.0,0.0,0.0,0.0,0.0,0.0,0.0,0.0,0.0,0.0,0.0,0.0,0.0,0.0,0.0,0.0,0.0,0.0,0.0,0.0,0.0,0.0,0.0,0.0,0.0,0.0,0.0,0.0,0.0,0.0,0.0,0.0,0.0,0.0,0.0,0.0,0.0,0.0,0.0,0.0,0.0,0.0,0.0,0.0,0.0,0.0,0.0,0.0,0.0,0.0,0.0,0.0,0.0,0.0,0.0,0.0,0.0,0.0,0.0,0.0,0.0,0.0,0.0,0.0,0.0,0.0,0.0,0.0,0.0,0.0,0.0,0.0,0.0,0.0
52,0.0,0.0,0.0,0.0,0.0,0.0,0.0,0.0,0.0,0.0,0.0,0.0,0.0,0.0,0.0,0.0,0.0,0.0,0.0,0.0,0.0,0.0,0.0,0.0,0.0,0.0,0.0,0.0,0.0,0.0,0.0,0.0,0.0,0.0,0.0,0.0,0.0,0.0,0.0,0.0,0.0,0.0,0.0,0.0,0.0,0.0,0.0,0.0,0.0,0.0,0.0,0.0,0.0,0.0,0.0,0.0,0.0,0.0,0.0,0.0,0.0,0.0,0.0,0.0,0.0,0.0,0.0,0.0,0.0,0.0,0.0,0.0,0.0,0.0,0.0,0.0,0.0,0.0,0.0,0.0,0.0,0.0,0.0,0.0,0.0,0.0,0.0,0.0,0.0,0.0,0.0,0.0,0.0
53,0.000300401172110755,0.001858750219012583,0.0014247856193145003,0.0013455227945962998,0.0015402895448134717,0.0014767547475357647,0.0009626809655084202,0.002168001650637615,0.0013607916343478682,0.002986188876446432,0.0019105514546244042,0.004447844656268445,0.002221571458865581,0.0003442435053377296,0.00041990141859876956,0.0,0.0,0.0,0.0,0.0014751903886930364,0.0020279596445733888,0.0,0.00031842524243740023,0.00208966565349544,0.0001374497449370076,8.035968263404424e-05,0.00036918868688394187,0.0013233256828567288,0.0010886333074782918,0.0008491339798330678,0.0009989811527447857,0.0005537830303259135,0.0,0.0031065877310965896,0.0032583048063361836,0.0033226981819554804,0.0031496409849786394,0.002449424941826155,0.0028304465994435637,0.002630469394048089,0.0021228349495826726,0.0047355548875305685,0.003866592229596999,0.0051224930305147,0.0031842524243740023,0.004120797255072242,0.004933348826494934,0.004349222823535221,0.0037332614630591803,0.001865521622360521,0.002191313496343406,0.002296837814302555,0.0026223255259550616,0.0020925087360172076,0.003897144758189082,0.003045806666792524,0.0038211029092488085,0.0032722151985279816,0.003570222415207217,0.004192928658181918,0.0036474164133738626,0.004882520384040138,0.002022936834308195,0.005155456306129336,0.005161840772143125,0.004101748885634305,0.005425022648933483,0.0048294495103005704,0.005125869756309374,0.005112743329276573,0.003876481212281394,0.005000065790339338,0.004324880158478118,0.005572441742654511,0.004245669899165332,0.005130184461491456,0.0054365285294190255,0.004670236889081869,0.004707155757770264,0.003525422326985507,0.0034737299174989167,0.0020786092214663578,0.00042456698991653327,0.0032235641826996097,0.0016434851222575544,0.002305837962477723,0.003677587307023503,0.001959539953460932,0.0031183713397317852,0.0033725684279660084,0.0021960361547406983,0.00336508651267178,0.0034611439395369594
54,0.0,0.0,0.0,0.0,0.0,0.0,0.0,0.0,0.0,0.0,0.0,0.0,0.0,0.0,0.0,0.0,0.0,0.0,0.0,0.0,0.0,0.0,0.0,0.0,0.0,0.0,0.0,0.0,0.0,0.0,0.0,0.0,0.0,0.0,0.0,0.0,0.0,0.0,0.0,0.0,0.0,0.0,0.0,0.0,0.0,0.0,0.0,0.0,0.0,0.0,0.0,0.0,0.0,0.0,0.0,0.0,0.0,0.0,0.0,0.0,0.0,0.0,0.0,0.0,0.0,0.0,0.0,0.0,0.0,0.0,0.0,0.0,0.0,0.0,0.0,0.0,0.0,0.0,0.0,0.0,0.0,0.0,0.0,0.0,0.0,0.0,0.0,0.0,0.0,0.0,0.0,0.0,0.0
55,0.0,0.0,0.0,0.0,0.0,0.0,0.0,0.0,0.0,0.0,0.0,0.0,0.0,0.0,0.0,0.0,0.0,0.0,0.0,0.0,0.0,0.0,0.0,0.0,0.0,0.0,0.0,0.0,0.0,0.0,0.0,0.0,0.0,0.0,0.0,0.0,0.0,0.0,0.0,0.0,0.0,0.0,0.0,0.0,0.0,0.0,0.0,0.0,0.0,0.0,0.0,0.0,0.0,0.0,0.0,0.0,0.0,0.0,0.0,0.0,0.0,0.0,0.0,0.0,0.0,0.0,0.0,0.0,0.0,0.0,0.0,0.0,0.0,0.0,0.0,0.0,0.0,0.0,0.0,0.0,0.0,0.0,0.0,0.0,0.0,0.0,0.0,0.0,0.0,0.0,0.0,0.0,0.0
56,0.0,0.0,0.0,0.0,0.0,0.0,0.0,0.0,0.0,0.0,0.0,0.0,0.0,0.0,0.0,0.0,0.0,0.0,0.0,0.0,0.0,0.0,0.0,0.0,0.0,0.0,0.0,0.0,0.0,0.0,0.0,0.0,0.0,0.0,0.0,0.0,0.0,0.0,0.0,0.0,0.0,0.0,0.0,0.0,0.0,0.0,0.0,0.0,0.0,0.0,0.0,0.0,0.0,0.0,0.0,0.0,0.0,0.0,0.0,0.0,0.0,0.0,0.0,0.0,0.0,0.0,0.0,0.0,0.0,0.0,0.0,0.0,0.0,0.0,0.0,0.0,0.0,0.0,0.0,0.0,0.0,0.0,0.0,0.0,0.0,0.0,0.0,0.0,0.0,0.0,0.0,0.0,0.0
57,0.0,0.0,0.0,0.0,0.0,0.0,0.0,0.0,0.0,0.0,0.0,0.0,0.0,0.0,0.0,0.0,0.0,0.0,0.0,0.0,0.0,0.0,0.0,0.0,0.0,0.0,0.0,0.0,0.0,0.0,0.0,0.0,0.0,0.0,0.0,0.0,0.0,0.0,0.0,0.0,0.0,0.0,0.0,0.0,0.0,0.0,0.0,0.0,0.0,0.0,0.0,0.0,0.0,0.0,0.0,0.0,0.0,0.0,0.0,0.0,0.0,0.0,0.0,0.0,0.0,0.0,0.0,0.0,0.0,0.0,0.0,0.0,0.0,0.0,0.0,0.0,0.0,0.0,0.0,0.0,0.0,0.0,0.0,0.0,0.0,0.0,0.0,0.0,0.0,0.0,0.0,0.0,0.0
58,0.0,0.0,0.0,0.0,0.0,0.0,0.0,0.0,0.0,0.0,0.0,0.0,0.0,0.0,0.0,0.0,0.0,0.0,0.0,0.0,0.0,0.0,0.0,0.0,0.0,0.0,0.0,0.0,0.0,0.0,0.0,0.0,0.0,0.0,0.0,0.0,0.0,0.0,0.0,0.0,0.0,0.0,0.0,0.0,0.0,0.0,0.0,0.0,0.0,0.0,0.0,0.0,0.0,0.0,0.0,0.0,0.0,0.0,0.0,0.0,0.0,0.0,0.0,0.0,0.0,0.0,0.0,0.0,0.0,0.0,0.0,0.0,0.0,0.0,0.0,0.0,0.0,0.0,0.0,0.0,0.0,0.0,0.0,0.0,0.0,0.0,0.0,0.0,0.0,0.0,0.0,0.0,0.0
59,0.0,0.0,0.0,0.0,0.0,0.0,0.0,0.0,0.0,0.0,0.0,0.0,0.0,0.0,0.0,0.0,0.0,0.0,0.0,0.0,0.0,0.0,0.0,0.0,0.0,0.0,0.0,0.0,0.0,0.0,0.0,0.0,0.0,0.0,0.0,0.0,0.0,0.0,0.0,0.0,0.0,0.0,0.0,0.0,0.0,0.0,0.0,0.0,0.0,0.0,0.0,0.0,0.0,0.0,0.0,0.0,0.0,0.0,0.0,0.0,0.0,0.0,0.0,0.0,0.0,0.0,0.0,0.0,0.0,0.0,0.0,0.0,0.0,0.0,0.0,0.0,0.0,0.0,0.0,0.0,0.0,0.0,0.0,0.0,0.0,0.0,0.0,0.0,0.0,0.0,0.0,0.0,0.0
60,0.0,0.0,0.0,0.0,0.0,0.0,0.0,0.0,0.0,0.0,0.0,0.0,0.0,0.0,0.0,0.0,0.0,0.0,0.0,0.0,0.0,0.0,0.0,0.0,0.0,0.0,0.0,0.0,0.0,0.0,0.0,0.0,0.0,0.0,0.0,0.0,0.0,0.0,0.0,0.0,0.0,0.0,0.0,0.0,0.0,0.0,0.0,0.0,0.0,0.0,0.0,0.0,0.0,0.0,0.0,0.0,0.0,0.0,0.0,0.0,0.0,0.0,0.0,0.0,0.0,0.0,0.0,0.0,0.0,0.0,0.0,0.0,0.0,0.0,0.0,0.0,0.0,0.0,0.0,0.0,0.0,0.0,0.0,0.0,0.0,0.0,0.0,0.0,0.0,0.0,0.0,0.0,0.0
61,0.0,0.0,0.0,0.0,0.0,0.0,0.0,0.0,0.0,0.0,0.0,0.0,0.0,0.0,0.0,0.0,0.0,0.0,0.0,0.0,0.0,0.0,0.0,0.0,0.0,0.0,0.0,0.0,0.0,0.0,0.0,0.0,0.0,0.0,0.0,0.0,0.0,0.0,0.0,0.0,0.0,0.0,0.0,0.0,0.0,0.0,0.0,0.0,0.0,0.0,0.0,0.0,0.0,0.0,0.0,0.0,0.0,0.0,0.0,0.0,0.0,0.0,0.0,0.0,0.0,0.0,0.0,0.0,0.0,0.0,0.0,0.0,0.0,0.0,0.0,0.0,0.0,0.0,0.0,0.0,0.0,0.0,0.0,0.0,0.0,0.0,0.0,0.0,0.0,0.0,0.0,0.0,0.0
62,0.0,0.0,0.0,0.0,0.0,0.0,0.0,0.0,0.0,0.0,0.0,0.0,0.0,0.0,0.0,0.0,0.0,0.0,0.0,0.0,0.0,0.0,0.0,0.0,0.0,0.0,0.0,0.0,0.0,0.0,0.0,0.0,0.0,0.0,0.0,0.0,0.0,0.0,0.0,0.0,0.0,0.0,0.0,0.0,0.0,0.0,0.0,0.0,0.0,0.0,0.0,0.0,0.0,0.0,0.0,0.0,0.0,0.0,0.0,0.0,0.0,0.0,0.0,0.0,0.0,0.0,0.0,0.0,0.0,0.0,0.0,0.0,0.0,0.0,0.0,0.0,0.0,0.0,0.0,0.0,0.0,0.0,0.0,0.0,0.0,0.0,0.0,0.0,0.0,0.0,0.0,0.0,0.0
63,0.0,0.0,0.0,0.0,0.0,0.0,0.0,0.0,0.0,0.0,0.0,0.0,0.0,0.0,0.0,0.0,0.0,0.0,0.0,0.0,0.0,0.0,0.0,0.0,0.0,0.0,0.0,0.0,0.0,0.0,0.0,0.0,0.0,0.0,0.0,0.0,0.0,0.0,0.0,0.0,0.0,0.0,0.0,0.0,0.0,0.0,0.0,0.0,0.0,0.0,0.0,0.0,0.0,0.0,0.0,0.0,0.0,0.0,0.0,0.0,0.0,0.0,0.0,0.0,0.0,0.0,0.0,0.0,0.0,0.0,0.0,0.0,0.0,0.0,0.0,0.0,0.0,0.0,0.0,0.0,0.0,0.0,0.0,0.0,0.0,0.0,0.0,0.0,0.0,0.0,0.0,0.0,0.0
64,0.0,0.0,0.0,0.0,0.0,0.0,0.0,0.0,0.0,0.0,0.0,0.0,0.0,0.0,0.0,0.0,0.0,0.0,0.0,0.0,0.0,0.0,0.0,0.0,0.0,0.0,0.0,0.0,0.0,0.0,0.0,0.0,0.0,0.0,0.0,0.0,0.0,0.0,0.0,0.0,0.0,0.0,0.0,0.0,0.0,0.0,0.0,0.0,0.0,0.0,0.0,0.0,0.0,0.0,0.0,0.0,0.0,0.0,0.0,0.0,0.0,0.0,0.0,0.0,0.0,0.0,0.0,0.0,0.0,0.0,0.0,0.0,0.0,0.0,0.0,0.0,0.0,0.0,0.0,0.0,0.0,0.0,0.0,0.0,0.0,0.0,0.0,0.0,0.0,0.0,0.0,0.0,0.0
65,0.0,0.0,0.0,0.0,0.0,0.0,0.0,0.0,0.0,0.0,0.0,0.0,0.0,0.0,0.0,0.0,0.0,0.0,0.0,0.0,0.0,0.0,0.0,0.0,0.0,0.0,0.0,0.0,0.0,0.0,0.0,0.0,0.0,0.0,0.0,0.0,0.0,0.0,0.0,0.0,0.0,0.0,0.0,0.0,0.0,0.0,0.0,0.0,0.0,0.0,0.0,0.0,0.0,0.0,0.0,0.0,0.0,0.0,0.0,0.0,0.0,0.0,0.0,0.0,0.0,0.0,0.0,0.0,0.0,0.0,0.0,0.0,0.0,0.0,0.0,0.0,0.0,0.0,0.0,0.0,0.0,0.0,0.0,0.0,0.0,0.0,0.0,0.0,0.0,0.0,0.0,0.0,0.0
66,0.0,0.0,0.0,0.0,0.0,0.0,0.0,0.0,0.0,0.0,0.0,0.0,0.0,0.0,0.0,0.0,0.0,0.0,0.0,0.0,0.0,0.0,0.0,0.0,0.0,0.0,0.0,0.0,0.0,0.0,0.0,0.0,0.0,0.0,0.0,0.0,0.0,0.0,0.0,0.0,0.0,0.0,0.0,0.0,0.0,0.0,0.0,0.0,0.0,0.0,0.0,0.0,0.0,0.0,0.0,0.0,0.0,0.0,0.0,0.0,0.0,0.0,0.0,0.0,0.0,0.0,0.0,0.0,0.0,0.0,0.0,0.0,0.0,0.0,0.0,0.0,0.0,0.0,0.0,0.0,0.0,0.0,0.0,0.0,0.0,0.0,0.0,0.0,0.0,0.0,0.0,0.0,0.0
67,0.0,0.0,0.0,0.0,0.0,0.0,0.0,0.0,0.0,0.0,0.0,0.0,0.0,0.0,0.0,0.0,0.0,0.0,0.0,0.0,0.0,0.0,0.0,0.0,0.0,0.0,0.0,0.0,0.0,0.0,0.0,0.0,0.0,0.0,0.0,0.0,0.0,0.0,0.0,0.0,0.0,0.0,0.0,0.0,0.0,0.0,0.0,0.0,0.0,0.0,0.0,0.0,0.0,0.0,0.0,0.0,0.0,0.0,0.0,0.0,0.0,0.0,0.0,0.0,0.0,0.0,0.0,0.0,0.0,0.0,0.0,0.0,0.0,0.0,0.0,0.0,0.0,0.0,0.0,0.0,0.0,0.0,0.0,0.0,0.0,0.0,0.0,0.0,0.0,0.0,0.0,0.0,0.0
68,0.0,0.0,0.0,0.0,0.0,0.0,0.0,0.0,0.0,0.0,0.0,0.0,0.0,0.0,0.0,0.0,0.0,0.0,0.0,0.0,0.0,0.0,0.0,0.0,0.0,0.0,0.0,0.0,0.0,0.0,0.0,0.0,0.0,0.0,0.0,0.0,0.0,0.0,0.0,0.0,0.0,0.0,0.0,0.0,0.0,0.0,0.0,0.0,0.0,0.0,0.0,0.0,0.0,0.0,0.0,0.0,0.0,0.0,0.0,0.0,0.0,0.0,0.0,0.0,0.0,0.0,0.0,0.0,0.0,0.0,0.0,0.0,0.0,0.0,0.0,0.0,0.0,0.0,0.0,0.0,0.0,0.0,0.0,0.0,0.0,0.0,0.0,0.0,0.0,0.0,0.0,0.0,0.0
69,0.0,0.0,0.0,0.0,0.0,0.0,0.0,0.0,0.0,0.0,0.0,0.0,0.0,0.0,0.0,0.0,0.0,0.0,0.0,0.0,0.0,0.0,0.0,0.0,0.0,0.0,0.0,0.0,0.0,0.0,0.0,0.0,0.0,0.0,0.0,0.0,0.0,0.0,0.0,0.0,0.0,0.0,0.0,0.0,0.0,0.0,0.0,0.0,0.0,0.0,0.0,0.0,0.0,0.0,0.0,0.0,0.0,0.0,0.0,0.0,0.0,0.0,0.0,0.0,0.0,0.0,0.0,0.0,0.0,0.0,0.0,0.0,0.0,0.0,0.0,0.0,0.0,0.0,0.0,0.0,0.0,0.0,0.0,0.0,0.0,0.0,0.0,0.0,0.0,0.0,0.0,0.0,0.0
70,0.0,0.0,0.0,0.0,0.0,0.0,0.0,0.0,0.0,0.0,0.0,0.0,0.0,0.0,0.0,0.0,0.0,0.0,0.0,0.0,0.0,0.0,0.0,0.0,0.0,0.0,0.0,0.0,0.0,0.0,0.0,0.0,0.0,0.0,0.0,0.0,0.0,0.0,0.0,0.0,0.0,0.0,0.0,0.0,0.0,0.0,0.0,0.0,0.0,0.0,0.0,0.0,0.0,0.0,0.0,0.0,0.0,0.0,0.0,0.0,0.0,0.0,0.0,0.0,0.0,0.0,0.0,0.0,0.0,0.0,0.0,0.0,0.0,0.0,0.0,0.0,0.0,0.0,0.0,0.0,0.0,0.0,0.0,0.0,0.0,0.0,0.0,0.0,0.0,0.0,0.0,0.0,0.0
71,0.0,0.0,0.0,0.0,0.0,0.0,0.0,0.0,0.0,0.0,0.0,0.0,0.0,0.0,0.0,0.0,0.0,0.0,0.0,0.0,0.0,0.0,0.0,0.0,0.0,0.0,0.0,0.0,0.0,0.0,0.0,0.0,0.0,0.0,0.0,0.0,0.0,0.0,0.0,0.0,0.0,0.0,0.0,0.0,0.0,0.0,0.0,0.0,0.0,0.0,0.0,0.0,0.0,0.0,0.0,0.0,0.0,0.0,0.0,0.0,0.0,0.0,0.0,0.0,0.0,0.0,0.0,0.0,0.0,0.0,0.0,0.0,0.0,0.0,0.0,0.0,0.0,0.0,0.0,0.0,0.0,0.0,0.0,0.0,0.0,0.0,0.0,0.0,0.0,0.0,0.0,0.0,0.0
72,0.0,0.0,0.0,0.0,0.0,0.0,0.0,0.0,0.0,0.0,0.0,0.0,0.0,0.0,0.0,0.0,0.0,0.0,0.0,0.0,0.0,0.0,0.0,0.0,0.0,0.0,0.0,0.0,0.0,0.0,0.0,0.0,0.0,0.0,0.0,0.0,0.0,0.0,0.0,0.0,0.0,0.0,0.0,0.0,0.0,0.0,0.0,0.0,0.0,0.0,0.0,0.0,0.0,0.0,0.0,0.0,0.0,0.0,0.0,0.0,0.0,0.0,0.0,0.0,0.0,0.0,0.0,0.0,0.0,0.0,0.0,0.0,0.0,0.0,0.0,0.0,0.0,0.0,0.0,0.0,0.0,0.0,0.0,0.0,0.0,0.0,0.0,0.0,0.0,0.0,0.0,0.0,0.0
73,0.0,0.0,0.0,0.0,0.0,0.0,0.0,0.0,0.0,0.0,0.0,0.0,0.0,0.0,0.0,0.0,0.0,0.0,0.0,0.0,0.0,0.0,0.0,0.0,0.0,0.0,0.0,0.0,0.0,0.0,0.0,0.0,0.0,0.0,0.0,0.0,0.0,0.0,0.0,0.0,0.0,0.0,0.0,0.0,0.0,0.0,0.0,0.0,0.0,0.0,0.0,0.0,0.0,0.0,0.0,0.0,0.0,0.0,0.0,0.0,0.0,0.0,0.0,0.0,0.0,0.0,0.0,0.0,0.0,0.0,0.0,0.0,0.0,0.0,0.0,0.0,0.0,0.0,0.0,0.0,0.0,0.0,0.0,0.0,0.0,0.0,0.0,0.0,0.0,0.0,0.0,0.0,0.0
74,0.0,0.0,0.0,0.0,0.0,0.0,0.0,0.0,0.0,0.0,0.0,0.0,0.0,0.0,0.0,0.0,0.0,0.0,0.0,0.0,0.0,0.0,0.0,0.0,0.0,0.0,0.0,0.0,0.0,0.0,0.0,0.0,0.0,0.0,0.0,0.0,0.0,0.0,0.0,0.0,0.0,0.0,0.0,0.0,0.0,0.0,0.0,0.0,0.0,0.0,0.0,0.0,0.0,0.0,0.0,0.0,0.0,0.0,0.0,0.0,0.0,0.0,0.0,0.0,0.0,0.0,0.0,0.0,0.0,0.0,0.0,0.0,0.0,0.0,0.0,0.0,0.0,0.0,0.0,0.0,0.0,0.0,0.0,0.0,0.0,0.0,0.0,0.0,0.0,0.0,0.0,0.0,0.0
75,0.0,0.0,0.0,0.0,0.0,0.0,0.0,0.0,0.0,0.0,0.0,0.0,0.0,0.0,0.0,0.0,0.0,0.0,0.0,0.0,0.0,0.0,0.0,0.0,0.0,0.0,0.0,0.0,0.0,0.0,0.0,0.0,0.0,0.0,0.0,0.0,0.0,0.0,0.0,0.0,0.0,0.0,0.0,0.0,0.0,0.0,0.0,0.0,0.0,0.0,0.0,0.0,0.0,0.0,0.0,0.0,0.0,0.0,0.0,0.0,0.0,0.0,0.0,0.0,0.0,0.0,0.0,0.0,0.0,0.0,0.0,0.0,0.0,0.0,0.0,0.0,0.0,0.0,0.0,0.0,0.0,0.0,0.0,0.0,0.0,0.0,0.0,0.0,0.0,0.0,0.0,0.0,0.0
76,0.0,0.0,0.0,0.0,0.0,0.0,0.0,0.0,0.0,0.0,0.0,0.0,0.0,0.0,0.0,0.0,0.0,0.0,0.0,0.0,0.0,0.0,0.0,0.0,0.0,0.0,0.0,0.0,0.0,0.0,0.0,0.0,0.0,0.0,0.0,0.0,0.0,0.0,0.0,0.0,0.0,0.0,0.0,0.0,0.0,0.0,0.0,0.0,0.0,0.0,0.0,0.0,0.0,0.0,0.0,0.0,0.0,0.0,0.0,0.0,0.0,0.0,0.0,0.0,0.0,0.0,0.0,0.0,0.0,0.0,0.0,0.0,0.0,0.0,0.0,0.0,0.0,0.0,0.0,0.0,0.0,0.0,0.0,0.0,0.0,0.0,0.0,0.0,0.0,0.0,0.0,0.0,0.0
77,0.0,0.0,0.0,0.0,0.0,0.0,0.0,0.0,0.0,0.0,0.0,0.0,0.0,0.0,0.0,0.0,0.0,0.0,0.0,0.0,0.0,0.0,0.0,0.0,0.0,0.0,0.0,0.0,0.0,0.0,0.0,0.0,0.0,0.0,0.0,0.0,0.0,0.0,0.0,0.0,0.0,0.0,0.0,0.0,0.0,0.0,0.0,0.0,0.0,0.0,0.0,0.0,0.0,0.0,0.0,0.0,0.0,0.0,0.0,0.0,0.0,0.0,0.0,0.0,0.0,0.0,0.0,0.0,0.0,0.0,0.0,0.0,0.0,0.0,0.0,0.0,0.0,0.0,0.0,0.0,0.0,0.0,0.0,0.0,0.0,0.0,0.0,0.0,0.0,0.0,0.0,0.0,0.0
78,0.0,0.0,0.0,0.0,0.0,0.0,0.0,0.0,0.0,0.0,0.0,0.0,0.0,0.0,0.0,0.0,0.0,0.0,0.0,0.0,0.0,0.0,0.0,0.0,0.0,0.0,0.0,0.0,0.0,0.0,0.0,0.0,0.0,0.0,0.0,0.0,0.0,0.0,0.0,0.0,0.0,0.0,0.0,0.0,0.0,0.0,0.0,0.0,0.0,0.0,0.0,0.0,0.0,0.0,0.0,0.0,0.0,0.0,0.0,0.0,0.0,0.0,0.0,0.0,0.0,0.0,0.0,0.0,0.0,0.0,0.0,0.0,0.0,0.0,0.0,0.0,0.0,0.0,0.0,0.0,0.0,0.0,0.0,0.0,0.0,0.0,0.0,0.0,0.0,0.0,0.0,0.0,0.0
79,0.0,0.0,0.0,0.0,0.0,0.0,0.0,0.0,0.0,0.0,0.0,0.0,0.0,0.0,0.0,0.0,0.0,0.0,0.0,0.0,0.0,0.0,0.0,0.0,0.0,0.0,0.0,0.0,0.0,0.0,0.0,0.0,0.0,0.0,0.0,0.0,0.0,0.0,0.0,0.0,0.0,0.0,0.0,0.0,0.0,0.0,0.0,0.0,0.0,0.0,0.0,0.0,0.0,0.0,0.0,0.0,0.0,0.0,0.0,0.0,0.0,0.0,0.0,0.0,0.0,0.0,0.0,0.0,0.0,0.0,0.0,0.0,0.0,0.0,0.0,0.0,0.0,0.0,0.0,0.0,0.0,0.0,0.0,0.0,0.0,0.0,0.0,0.0,0.0,0.0,0.0,0.0,0.0
80,0.0,0.0,0.0,0.0,0.0,0.0,0.0,0.0,0.0,0.0,0.0,0.0,0.0,0.0,0.0,0.0,0.0,0.0,0.0,0.0,0.0,0.0,0.0,0.0,0.0,0.0,0.0,0.0,0.0,0.0,0.0,0.0,0.0,0.0,0.0,0.0,0.0,0.0,0.0,0.0,0.0,0.0,0.0,0.0,0.0,0.0,0.0,0.0,0.0,0.0,0.0,0.0,0.0,0.0,0.0,0.0,0.0,0.0,0.0,0.0,0.0,0.0,0.0,0.0,0.0,0.0,0.0,0.0,0.0,0.0,0.0,0.0,0.0,0.0,0.0,0.0,0.0,0.0,0.0,0.0,0.0,0.0,0.0,0.0,0.0,0.0,0.0,0.0,0.0,0.0,0.0,0.0,0.0
81,0.0,0.0,0.0,0.0,0.0,0.0,0.0,0.0,0.0,0.0,0.0,0.0,0.0,0.0,0.0,0.0,0.0,0.0,0.0,0.0,0.0,0.0,0.0,0.0,0.0,0.0,0.0,0.0,0.0,0.0,0.0,0.0,0.0,0.0,0.0,0.0,0.0,0.0,0.0,0.0,0.0,0.0,0.0,0.0,0.0,0.0,0.0,0.0,0.0,0.0,0.0,0.0,0.0,0.0,0.0,0.0,0.0,0.0,0.0,0.0,0.0,0.0,0.0,0.0,0.0,0.0,0.0,0.0,0.0,0.0,0.0,0.0,0.0,0.0,0.0,0.0,0.0,0.0,0.0,0.0,0.0,0.0,0.0,0.0,0.0,0.0,0.0,0.0,0.0,0.0,0.0,0.0,0.0
82,0.0,0.0,0.0,0.0,0.0,0.0,0.0,0.0,0.0,0.0,0.0,0.0,0.0,0.0,0.0,0.0,0.0,0.0,0.0,0.0,0.0,0.0,0.0,0.0,0.0,0.0,0.0,0.0,0.0,0.0,0.0,0.0,0.0,0.0,0.0,0.0,0.0,0.0,0.0,0.0,0.0,0.0,0.0,0.0,0.0,0.0,0.0,0.0,0.0,0.0,0.0,0.0,0.0,0.0,0.0,0.0,0.0,0.0,0.0,0.0,0.0,0.0,0.0,0.0,0.0,0.0,0.0,0.0,0.0,0.0,0.0,0.0,0.0,0.0,0.0,0.0,0.0,0.0,0.0,0.0,0.0,0.0,0.0,0.0,0.0,0.0,0.0,0.0,0.0,0.0,0.0,0.0,0.0
83,0.0,0.0,0.0,0.0,0.0,0.0,0.0,0.0,0.0,0.0,0.0,0.0,0.0,0.0,0.0,0.0,0.0,0.0,0.0,0.0,0.0,0.0,0.0,0.0,0.0,0.0,0.0,0.0,0.0,0.0,0.0,0.0,0.0,0.0,0.0,0.0,0.0,0.0,0.0,0.0,0.0,0.0,0.0,0.0,0.0,0.0,0.0,0.0,0.0,0.0,0.0,0.0,0.0,0.0,0.0,0.0,0.0,0.0,0.0,0.0,0.0,0.0,0.0,0.0,0.0,0.0,0.0,0.0,0.0,0.0,0.0,0.0,0.0,0.0,0.0,0.0,0.0,0.0,0.0,0.0,0.0,0.0,0.0,0.0,0.0,0.0,0.0,0.0,0.0,0.0,0.0,0.0,0.0
84,0.0,0.0,0.0,0.0,0.0,0.0,0.0,0.0,0.0,0.0,0.0,0.0,0.0,0.0,0.0,0.0,0.0,0.0,0.0,0.0,0.0,0.0,0.0,0.0,0.0,0.0,0.0,0.0,0.0,0.0,0.0,0.0,0.0,0.0,0.0,0.0,0.0,0.0,0.0,0.0,0.0,0.0,0.0,0.0,0.0,0.0,0.0,0.0,0.0,0.0,0.0,0.0,0.0,0.0,0.0,0.0,0.0,0.0,0.0,0.0,0.0,0.0,0.0,0.0,0.0,0.0,0.0,0.0,0.0,0.0,0.0,0.0,0.0,0.0,0.0,0.0,0.0,0.0,0.0,0.0,0.0,0.0,0.0,0.0,0.0,0.0,0.0,0.0,0.0,0.0,0.0,0.0,0.0
85,0.0,0.0,0.0,0.0,0.0,0.0,0.0,0.0,0.0,0.0,0.0,0.0,0.0,0.0,0.0,0.0,0.0,0.0,0.0,0.0,0.0,0.0,0.0,0.0,0.0,0.0,0.0,0.0,0.0,0.0,0.0,0.0,0.0,0.0,0.0,0.0,0.0,0.0,0.0,0.0,0.0,0.0,0.0,0.0,0.0,0.0,0.0,0.0,0.0,0.0,0.0,0.0,0.0,0.0,0.0,0.0,0.0,0.0,0.0,0.0,0.0,0.0,0.0,0.0,0.0,0.0,0.0,0.0,0.0,0.0,0.0,0.0,0.0,0.0,0.0,0.0,0.0,0.0,0.0,0.0,0.0,0.0,0.0,0.0,0.0,0.0,0.0,0.0,0.0,0.0,0.0,0.0,0.0
86,0.0,0.0,0.0,0.0,0.0,0.0,0.0,0.0,0.0,0.0,0.0,0.0,0.0,0.0,0.0,0.0,0.0,0.0,0.0,0.0,0.0,0.0,0.0,0.0,0.0,0.0,0.0,0.0,0.0,0.0,0.0,0.0,0.0,0.0,0.0,0.0,0.0,0.0,0.0,0.0,0.0,0.0,0.0,0.0,0.0,0.0,0.0,0.0,0.0,0.0,0.0,0.0,0.0,0.0,0.0,0.0,0.0,0.0,0.0,0.0,0.0,0.0,0.0,0.0,0.0,0.0,0.0,0.0,0.0,0.0,0.0,0.0,0.0,0.0,0.0,0.0,0.0,0.0,0.0,0.0,0.0,0.0,0.0,0.0,0.0,0.0,0.0,0.0,0.0,0.0,0.0,0.0,0.0
87,0.0,0.0,0.0,0.0,0.0,0.0,0.0,0.0,0.0,0.0,0.0,0.0,0.0,0.0,0.0,0.0,0.0,0.0,0.0,0.0,0.0,0.0,0.0,0.0,0.0,0.0,0.0,0.0,0.0,0.0,0.0,0.0,0.0,0.0,0.0,0.0,0.0,0.0,0.0,0.0,0.0,0.0,0.0,0.0,0.0,0.0,0.0,0.0,0.0,0.0,0.0,0.0,0.0,0.0,0.0,0.0,0.0,0.0,0.0,0.0,0.0,0.0,0.0,0.0,0.0,0.0,0.0,0.0,0.0,0.0,0.0,0.0,0.0,0.0,0.0,0.0,0.0,0.0,0.0,0.0,0.0,0.0,0.0,0.0,0.0,0.0,0.0,0.0,0.0,0.0,0.0,0.0,0.0
88,0.0,0.0,0.0,0.0,0.0,0.0,0.0,0.0,0.0,0.0,0.0,0.0,0.0,0.0,0.0,0.0,0.0,0.0,0.0,0.0,0.0,0.0,0.0,0.0,0.0,0.0,0.0,0.0,0.0,0.0,0.0,0.0,0.0,0.0,0.0,0.0,0.0,0.0,0.0,0.0,0.0,0.0,0.0,0.0,0.0,0.0,0.0,0.0,0.0,0.0,0.0,0.0,0.0,0.0,0.0,0.0,0.0,0.0,0.0,0.0,0.0,0.0,0.0,0.0,0.0,0.0,0.0,0.0,0.0,0.0,0.0,0.0,0.0,0.0,0.0,0.0,0.0,0.0,0.0,0.0,0.0,0.0,0.0,0.0,0.0,0.0,0.0,0.0,0.0,0.0,0.0,0.0,0.0
89,0.00016958130683671665,0.0010492944784748408,0.0008043144625162472,0.0007595693195301665,0.0008695182914269599,0.0008336518736089026,0.0005434489321418495,0.0012238718995534951,0.0007681888258415362,0.0016857517850907252,0.0010785371114815177,0.002510880047893485,0.0012541129203273455,0.00019433101107775068,0.0002370411234025317,0.0,0.0,0.0,0.0,0.0008327687678105886,0.0011448159283882029,0.0,0.00017975618524692004,0.0011796499656829094,7.759259794831063e-05,4.536433697083145e-05,0.00020841296840222497,0.00074703869193525,0.0006145510606732299,0.0004793498273251183,0.0005639409733236692,0.00031261945260333815,0.0,0.0017537188804577501,0.0018393656164801076,0.001875716715620026,0.0017780231366814874,0.0013827398865147592,0.0015978327577503945,0.0014849423998658585,0.0011983745683127973,0.0026732971139285435,0.0021827536779983094,0.002891729936580878,0.0017975618524692005,0.0023262565149601315,0.0027849549826987553,0.0024552064326408504,0.002107486309791469,0.0010531170448809435,0.0012370318124519193,0.001296601991944994,0.0014803450549746365,0.0011812549316226146,0.00220000107317126,0.0017194069893183618,0.0021570742229630327,0.0018472182572335386,0.002015448137616972,0.0023669758554252817,0.002059025394646534,0.0027562615071194375,0.0011419804709804306,0.0029103382373310838,0.0029139423713711197,0.0023155034031806547,0.003062512785688265,0.0027263021429116126,0.002893636152755288,0.0028862260729787125,0.002188336168223368,0.0028226177848689814,0.00244146460559249,0.0031457332418210943,0.002396749136625592,0.0028960718734225934,0.0030690080408010624,0.002636424050288151,0.002657265347128375,0.0019901577652337546,0.0019609765663300355,0.0011734084314729471,0.00023967491366255915,0.0018197539741046146,0.0009277738593389396,0.0013016827207535547,0.0020760573507390668,0.001106191909211813,0.0017603709175905244,0.0019038692738517864,0.001239697829289101,0.0018996456119921342,0.001953871578770865
90,0.0,0.0,0.0,0.0,0.0,0.0,0.0,0.0,0.0,0.0,0.0,0.0,0.0,0.0,0.0,0.0,0.0,0.0,0.0,0.0,0.0,0.0,0.0,0.0,0.0,0.0,0.0,0.0,0.0,0.0,0.0,0.0,0.0,0.0,0.0,0.0,0.0,0.0,0.0,0.0,0.0,0.0,0.0,0.0,0.0,0.0,0.0,0.0,0.0,0.0,0.0,0.0,0.0,0.0,0.0,0.0,0.0,0.0,0.0,0.0,0.0,0.0,0.0,0.0,0.0,0.0,0.0,0.0,0.0,0.0,0.0,0.0,0.0,0.0,0.0,0.0,0.0,0.0,0.0,0.0,0.0,0.0,0.0,0.0,0.0,0.0,0.0,0.0,0.0,0.0,0.0,0.0,0.0
91,0.0,0.0,0.0,0.0,0.0,0.0,0.0,0.0,0.0,0.0,0.0,0.0,0.0,0.0,0.0,0.0,0.0,0.0,0.0,0.0,0.0,0.0,0.0,0.0,0.0,0.0,0.0,0.0,0.0,0.0,0.0,0.0,0.0,0.0,0.0,0.0,0.0,0.0,0.0,0.0,0.0,0.0,0.0,0.0,0.0,0.0,0.0,0.0,0.0,0.0,0.0,0.0,0.0,0.0,0.0,0.0,0.0,0.0,0.0,0.0,0.0,0.0,0.0,0.0,0.0,0.0,0.0,0.0,0.0,0.0,0.0,0.0,0.0,0.0,0.0,0.0,0.0,0.0,0.0,0.0,0.0,0.0,0.0,0.0,0.0,0.0,0.0,0.0,0.0,0.0,0.0,0.0,0.0
92,0.0,0.0,0.0,0.0,0.0,0.0,0.0,0.0,0.0,0.0,0.0,0.0,0.0,0.0,0.0,0.0,0.0,0.0,0.0,0.0,0.0,0.0,0.0,0.0,0.0,0.0,0.0,0.0,0.0,0.0,0.0,0.0,0.0,0.0,0.0,0.0,0.0,0.0,0.0,0.0,0.0,0.0,0.0,0.0,0.0,0.0,0.0,0.0,0.0,0.0,0.0,0.0,0.0,0.0,0.0,0.0,0.0,0.0,0.0,0.0,0.0,0.0,0.0,0.0,0.0,0.0,0.0,0.0,0.0,0.0,0.0,0.0,0.0,0.0,0.0,0.0,0.0,0.0,0.0,0.0,0.0,0.0,0.0,0.0,0.0,0.0,0.0,0.0,0.0,0.0,0.0,0.0,0.0
